Match #,LISTING DATE,Event Name,PRIMARY,VENUE,CAPACITY,LOCATION,DATE,Week Day,Listing Qt,Ticket Qty,Price Min,Price P25,Price P50,Visits L1H,Visits L24H,Visits L3D,Trans. L24H ,Trans. L3D,TRANS L7,PRESALE,On Sale,Trans. L1H,Visits L7D
1,3/2/2026,Mexico vs South Africa - World Cup - Group A ,FIFA,Estadio Azteca (Estadio Banorte),"98,500","Ciudad de México, Estado de Mexico, Mexico",06/11 2:00PM,Thu,438,"2,652","$2,695.50 ","$4,969.69 ","$7,732.94 ",$369.00 ,"10,270","24,322",2,5,11,09/10 1:00PM,,0,24499
10,3/2/2026,Germany vs Curaçao - World Cup - Group E ,FIFA,NRG Stadium,"71,500","Houston, Texas, United States",06/14 12:00PM,Sun,765,"3,124",$375.31 ,$646.55 ,$979.06 ,"1,271","31,802","76,556",4,17,40,09/10 2:00PM,,0,76726
100,3/2/2026,W95 vs W96 - World Cup - Quarter-Finals ,FIFA,GEHA Field at Arrowhead Stadium,"76,416","Kansas City, Missouri, United States",07/11 8:00PM,Sat,592,"2,588","$1,430.80 ","$2,500.09 ","$3,480.91 ","1,873","56,368","145,955",2,6,13,09/10 2:00PM,,0,146656
101,3/2/2026,W97 vs W98 - World Cup - Semi Finals ,FIFA,AT&T Stadium,"80,000","Arlington, Texas, United States",07/14 2:00PM,Tue,635,"2,915","$1,946.44 ","$3,430.34 ","$5,411.76 ","1,050","37,251","100,361",2,5,13,09/10 2:00PM,,0,101052
102,3/2/2026,W99 vs W100 - World Cup - Semi Finals ,FIFA,Mercedes-Benz Stadium,"71,000","Atlanta, Georgia, United States",07/15 3:00PM,Wed,685,"3,034","$1,746.00 ","$3,420.42 ","$5,304.00 ","$1,035.00 ","36,272","98,575",5,6,12,09/10 3:00PM,,0,99235
103,3/2/2026,L101 vs L102 - World Cup - 3rd Place ,FIFA,Hard Rock Stadium,"76,100","Miami, Florida, United States",07/18 5:00PM,Sat,732,"3,050",$899.10 ,"$1,399.98 ","$2,549.49 ","1,489","50,982","148,986",3,9,18,09/10 3:00PM,,0,150007
104,3/2/2026,W101 vs W102 - World Cup - Final ,FIFA,MetLife Stadium,"82,500","East Rutherford, New Jersey, United States",07/19 3:00PM,Sun,444,"1,841","$7,254.00 ","$12,182.99 ","$17,494.61 ","$1,120.00 ","39,694","107,540",0,3,11,09/10 3:00PM,,0,108287
11,3/2/2026,Netherlands vs Japan - World Cup - Group F ,FIFA,AT&T Stadium,"80,000","Arlington, Texas, United States",06/14 3:00PM,Sun,535,"2,181",$585.00 ,"$1,017.92 ","$1,382.34 ",269,"7,683","19,373",12,31,59,09/10 2:00PM,,0,19523
12,3/2/2026,TBA vs Tunisia - World Cup - Group F ,FIFA,Estadio BBVA Bancomer,"52,237","Monterrey, Nuevo Leon, Mexico",06/14 9:00PM,Sun,371,"1,667",$214.49 ,$379.11 ,$763.70 ,183,"5,430","14,112",2,7,21,09/10 1:00PM,,0,14225
13,3/2/2026,Saudi Arabia vs Uruguay - World Cup - Group H ,FIFA,Hard Rock Stadium,"76,100","Miami, Florida, United States",06/15 6:00PM,Mon,834,"3,385",$293.48 ,$489.10 ,$765.00 ,"1,293","32,371","76,734",3,22,47,09/10 3:00PM,,0,76903
14,3/2/2026,Spain vs Cabo Verde - World Cup - Group H ,FIFA,Mercedes-Benz Stadium,"71,000","Atlanta, Georgia, United States",06/15 12:00PM,Mon,773,"3,171",$377.51 ,$624.00 ,$980.04 ,"1,296","31,770","74,523",7,21,49,09/10 3:00PM,,0,74670
15,3/2/2026,Iran vs New Zealand - World Cup - Group G ,FIFA,SoFi Stadium,"70,240","Inglewood, California, United States",06/15 6:00PM,Mon,911,"3,619",$294.00 ,$568.78 ,$949.00 ,209,"7,013","24,868",3,13,27,09/10 12:00PM,,0,25039
16,3/2/2026,Belgium vs Egypt - World Cup - Group G ,FIFA,Lumen Field,"67,000","Seattle, Washington, United States",06/15 12:00PM,Mon,610,"2,483",$387.00 ,$655.17 ,$965.70 ,229,"7,318","17,999",3,13,37,09/10 12:00PM,,0,18152
17,3/2/2026,France vs Senegal - World Cup - Group I ,FIFA,MetLife Stadium,"82,500","East Rutherford, New Jersey, United States",06/16 3:00PM,Tue,724,"3,060",$542.96 ,$944.40 ,"$1,456.92 ","1,331","33,581","80,492",9,25,61,09/10 3:00PM,,0,80718
18,3/2/2026,TBD vs Norway - World Cup - Group I ,FIFA,Gillette Stadium,"68,756","Foxborough, Massachusetts, United States",06/16 6:00PM,Tue,606,"2,642",$461.44 ,$680.19 ,"$1,106.90 ",211,"6,759","16,319",4,10,17,09/10 3:00PM,,0,16440
19,3/2/2026,Argentina vs Algeria - World Cup - Group J ,FIFA,GEHA Field at Arrowhead Stadium,"76,416","Kansas City, Missouri, United States",06/16 8:00PM,Tue,749,"3,115",$693.00 ,"$1,119.64 ","$1,982.70 ",255,"7,601","36,909",6,20,50,09/10 2:00PM,,0,37047
2,3/2/2026,Korea Republic vs TBD - World Cup - Group A ,FIFA,Estadio Akron (Chivas Stadium),"49,800","Zapopan, Estado de Jalisco, Mexico",06/11 9:00PM,Thu,340,"1,832",$364.32 ,$660.00 ,"$1,230.11 ","1,321","32,685","77,060",3,9,15,09/10 1:00PM,,0,77242
20,3/2/2026,Austria vs Jordan - World Cup - Group J ,FIFA,Levi's Stadium,"75,000","Santa Clara, California, United States",06/16 9:00PM,Tue,711,"2,824",$221.12 ,$490.00 ,$800.00 ,218,"7,038","15,076",3,11,31,09/10 12:00PM,,0,15174
21,3/2/2026,Ghana vs Panama - World Cup - Group L ,FIFA,BMO Field,"30,000","Toronto, Ontario, Canada",06/17 7:00PM,Wed,390,"1,725",$420.85 ,$637.04 ,"$1,015.73 ",221,"7,566","18,152",2,11,24,09/10 12:00PM,,0,18290
22,3/2/2026,England vs Croatia - World Cup - Group L ,FIFA,AT&T Stadium,"80,000","Arlington, Texas, United States",06/17 3:00PM,Wed,650,"3,313",$893.31 ,"$1,677.60 ","$3,420.00 ","1,049","27,690","63,786",3,11,33,09/10 2:00PM,,0,63932
23,3/2/2026,Portugal vs TBD - World Cup - Group K ,FIFA,NRG Stadium,"71,500","Houston, Texas, United States",06/17 12:00PM,Wed,836,"3,473",$545.81 ,$919.77 ,"$1,499.50 ","1,327","33,254","79,074",3,12,37,09/10 2:00PM,,0,79262
24,3/2/2026,Uzbekistan vs Colombia - World Cup - Group K ,FIFA,Estadio Azteca (Estadio Banorte),"98,500","Ciudad de México, Estado de Mexico, Mexico",06/17 9:00PM,Wed,393,"1,798",$614.38 ,$887.25 ,"$1,232.00 ","1,277","30,705","71,849",5,14,47,09/10 1:00PM,,0,71972
25,3/2/2026,TBD vs South Africa - World Cup - Group A ,FIFA,Mercedes-Benz Stadium,"71,000","Atlanta, Georgia, United States",06/18 12:00PM,Thu,604,"2,621",$249.90 ,$506.37 ,$927.13 ,"1,226","30,090","70,177",2,7,27,09/10 3:00PM,,0,70279
26,3/2/2026,Switzerland vs TBD - World Cup - Group B ,FIFA,SoFi Stadium,"70,240","Inglewood, California, United States",06/18 12:00PM,Thu,672,"2,909",$451.10 ,$732.25 ,"$1,222.44 ",152,"9,562","39,692",2,11,22,09/10 12:00PM,,0,39805
27,3/2/2026,Canada vs Qatar - World Cup - Group B ,FIFA,BC Place Stadium,"54,500","Vancouver, British Columbia, Canada",06/18 3:00PM,Thu,505,"2,293",$493.47 ,$881.19 ,"$1,350.00 ","1,253","30,482","71,615",4,8,19,09/10 9:00AM,,0,71722
28,3/2/2026,Mexico vs Korea Republic - World Cup - Group A ,FIFA,Estadio Akron (Chivas Stadium),"49,800","Zapopan, Estado de Jalisco, Mexico",06/18 8:00PM,Thu,380,"2,501","$1,552.64 ","$2,688.75 ","$4,696.84 ",$257.00 ,"7,705","18,757",2,3,12,09/10 1:00PM,,0,18900
29,3/2/2026,Brazil vs Haiti - World Cup - Group C ,FIFA,Lincoln Financial Field,"69,176","Philadelphia, Pennsylvania, United States",06/19 9:00PM,Fri,711,"3,234",$714.34 ,"$1,097.40 ","$1,564.54 ","1,343","33,442","78,886",10,20,38,09/10 3:00PM,,0,79096
3,3/2/2026,Canada vs TBD - World Cup - Group B ,FIFA,BMO Field,"30,000","Toronto, Ontario, Canada",06/12 3:00PM,Fri,428,"2,079","$1,340.00 ","$2,100.81 ","$2,961.63 ",254,"8,461","19,013",4,10,15,09/10 12:00PM,,1,19127
30,3/2/2026,Scotland vs Morocco - World Cup - Group C ,FIFA,Gillette Stadium,"68,756","Foxborough, Massachusetts, United States",06/19 6:00PM,Fri,661,"2,920",$594.00 ,$979.06 ,"$1,425.00 ",195,"5,802","13,230",4,7,13,09/10 3:00PM,,0,13315
31,3/2/2026,TBD vs Paraguay - World Cup - Group D ,FIFA,Levi's Stadium,"75,000","Santa Clara, California, United States",06/19 9:00PM,Fri,596,"2,529",$241.96 ,$571.64 ,"$1,023.03 ",152,"4,739","13,195",6,11,25,09/10 12:00PM,,0,13286
32,3/2/2026,United States vs Australia - World Cup - Group D ,FIFA,Lumen Field,"67,000","Seattle, Washington, United States",06/19 12:00PM,Fri,597,"2,886","$1,116.25 ","$2,000.00 ","$4,500.00 ",277,"7,910","19,419",2,6,17,09/10 12:00PM,,0,19568
33,3/2/2026,Germany vs Côte d'Ivoire - World Cup - Group E ,FIFA,BMO Field,"30,000","Toronto, Ontario, Canada",06/20 4:00PM,Sat,389,"1,936",$621.00 ,$934.75 ,"$1,337.90 ",268,"8,305","20,605",4,10,27,09/10 12:00PM,,0,20768
34,3/2/2026,Ecuador vs Curaçao - World Cup - Group E ,FIFA,GEHA Field at Arrowhead Stadium,"76,416","Kansas City, Missouri, United States",06/20 7:00PM,Sat,647,"2,607",$289.10 ,$526.68 ,$810.00 ,177,"5,346","12,059",5,12,39,09/10 2:00PM,,0,12124
35,3/2/2026,Netherlands vs TBA - World Cup - Group F ,FIFA,NRG Stadium,"71,500","Houston, Texas, United States",06/20 12:00PM,Sat,599,"2,567",$339.72 ,$750.50 ,"$1,130.39 ",164,"8,932","42,013",5,8,19,09/10 2:00PM,,0,42112
36,3/2/2026,Tunisia vs Japan - World Cup - Group F ,FIFA,Estadio BBVA Bancomer,"52,237","Monterrey, Nuevo Leon, Mexico",06/20 11:00PM,Sat,311,"1,290",$245.99 ,$375.00 ,$704.95 ,207,"6,778","16,230",6,10,20,09/10 1:00PM,,0,16350
37,3/2/2026,Uruguay vs Cabo Verde - World Cup - Group H ,FIFA,Hard Rock Stadium,"76,100","Miami, Florida, United States",06/21 6:00PM,Sun,810,"3,196",$276.30 ,$435.80 ,$760.31 ,"1,265","31,756","75,260",1,9,28,09/10 3:00PM,,0,75420
38,3/2/2026,Spain vs Saudi Arabia - World Cup - Group H ,FIFA,Mercedes-Benz Stadium,"71,000","Atlanta, Georgia, United States",06/21 12:00PM,Sun,687,"3,109",$391.19 ,$738.50 ,"$1,267.62 ","1,228","30,743","72,115",9,25,53,09/10 3:00PM,,0,72224
39,3/2/2026,Belgium vs Iran - World Cup - Group G ,FIFA,SoFi Stadium,"70,240","Inglewood, California, United States",06/21 12:00PM,Sun,976,"3,855",$313.39 ,$612.40 ,"$1,008.28 ","1,262","31,985","75,840",3,16,43,09/10 12:00PM,,0,76004
4,3/2/2026,United States vs Paraguay - World Cup - Group D ,FIFA,SoFi Stadium,"70,240","Inglewood, California, United States",06/12 6:00PM,Fri,736,"3,146","$1,170.00 ","$2,067.81 ","$3,046.61 ","1,405","35,607","84,947",5,7,21,09/10 12:00PM,,0,85200
40,3/2/2026,New Zealand vs Egypt - World Cup - Group G ,FIFA,BC Place Stadium,"54,500","Vancouver, British Columbia, Canada",06/21 6:00PM,Sun,438,"1,982",$285.00 ,$466.64 ,$977.89 ,212,"6,873","16,523",2,6,26,09/10 9:00AM,,0,16636
41,3/2/2026,Norway vs Senegal - World Cup - Group I ,FIFA,MetLife Stadium,"82,500","East Rutherford, New Jersey, United States",06/22 8:00PM,Mon,700,"2,907",$404.88 ,$684.35 ,"$1,072.03 ",263,"7,775","37,031",4,14,33,09/10 3:00PM,,0,37202
42,3/2/2026,France vs TBD - World Cup - Group I ,FIFA,Lincoln Financial Field,"69,176","Philadelphia, Pennsylvania, United States",06/22 5:00PM,Mon,713,"2,818",$509.57 ,$739.53 ,"$1,080.00 ","1,287","32,532","77,159",7,19,42,09/10 3:00PM,,0,77319
43,3/2/2026,Argentina vs Austria - World Cup - Group J ,FIFA,AT&T Stadium,"80,000","Arlington, Texas, United States",06/22 12:00PM,Mon,623,"3,249","$1,066.03 ","$1,946.44 ","$5,280.00 ",224,"9,061","24,088",2,16,35,09/10 2:00PM,,0,24250
44,3/2/2026,Jordan vs Algeria - World Cup - Group J ,FIFA,Levi's Stadium,"75,000","Santa Clara, California, United States",06/22 8:00PM,Mon,735,"2,898",$180.00 ,$429.26 ,$732.72 ,197,"6,494","14,199",6,14,35,09/10 12:00PM,,0,14283
45,3/2/2026,England vs Ghana - World Cup - Group L ,FIFA,Gillette Stadium,"68,756","Foxborough, Massachusetts, United States",06/23 4:00PM,Tue,556,"2,379",$621.00 ,"$1,059.58 ","$1,948.99 ","1,012","26,196","61,028",4,17,27,09/10 3:00PM,,0,61136
46,3/2/2026,Panama vs Croatia - World Cup - Group L ,FIFA,BMO Field,"30,000","Toronto, Ontario, Canada",06/23 7:00PM,Tue,472,"1,851",$389.48 ,$715.60 ,"$1,073.68 ",253,"8,136","18,803",8,27,35,09/10 12:00PM,,0,18927
47,3/2/2026,Portugal vs Uzbekistan - World Cup - Group K ,FIFA,NRG Stadium,"71,500","Houston, Texas, United States",06/23 12:00PM,Tue,860,"3,609",$515.64 ,$868.45 ,"$1,350.00 ",234,"7,495","18,397",7,20,50,09/10 2:00PM,,0,18549
48,3/2/2026,Colombia vs TBD - World Cup - Group K ,FIFA,Estadio Akron (Chivas Stadium),"49,800","Zapopan, Estado de Jalisco, Mexico",06/23 9:00PM,Tue,316,"1,461",$688.08 ,$899.78 ,"$1,426.32 ",193,"10,478","46,337",3,7,26,09/10 1:00PM,,0,46493
49,3/2/2026,Scotland vs Brazil - World Cup - Group C ,FIFA,Hard Rock Stadium,"76,100","Miami, Florida, United States",06/24 6:00PM,Wed,742,"3,784","$1,144.70 ","$1,940.82 ","$3,510.00 ","1,033","26,753","62,511",3,13,41,09/10 3:00PM,,0,62653
5,3/2/2026,Haiti vs Scotland - World Cup - Group C ,FIFA,Gillette Stadium,"68,756","Foxborough, Massachusetts, United States",06/13 9:00PM,Sat,712,"3,056",$580.00 ,$898.45 ,"$1,256.26 ",198,"10,722","27,771",2,8,24,09/10 3:00PM,,0,27889
50,3/2/2026,Morocco vs Haiti - World Cup - Group C ,FIFA,Mercedes-Benz Stadium,"71,000","Atlanta, Georgia, United States",06/24 6:00PM,Wed,769,"3,163",$240.00 ,$491.28 ,$856.19 ,146,"4,876","11,086",3,13,51,09/10 3:00PM,,0,11145
51,3/2/2026,Switzerland vs Canada - World Cup - Group B ,FIFA,BC Place Stadium,"54,500","Vancouver, British Columbia, Canada",06/24 12:00PM,Wed,586,"2,580",$476.50 ,$959.40 ,"$1,642.72 ","1,270","32,351","76,234",3,9,20,09/10 9:00AM,,0,76393
52,3/2/2026,TBD vs Qatar - World Cup - Group B ,FIFA,Lumen Field,"67,000","Seattle, Washington, United States",06/24 12:00PM,Wed,544,"2,352",$314.99 ,$620.10 ,"$1,435.09 ",133,"5,218","27,042",4,5,20,09/10 12:00PM,,0,27155
53,3/2/2026,TBD vs Mexico - World Cup - Group A ,FIFA,Estadio Azteca (Estadio Banorte),"98,500","Ciudad de México, Estado de Mexico, Mexico",06/24 8:00PM,Wed,362,"2,302","$1,337.13 ","$2,431.05 ","$5,000.00 ","1,207","29,951","70,135",2,7,23,09/10 1:00PM,,0,70243
54,3/2/2026,South Africa vs Korea Republic - World Cup - Group A ,FIFA,Estadio BBVA Bancomer,"52,237","Monterrey, Nuevo Leon, Mexico",06/24 8:00PM,Wed,273,"1,155",$204.95 ,$360.00 ,$768.09 ,$185.00 ,"6,318","15,272",3,5,8,09/10 1:00PM,,0,15382
55,3/2/2026,Curaçao vs Côte d'Ivoire - World Cup - Group E ,FIFA,Lincoln Financial Field,"69,176","Philadelphia, Pennsylvania, United States",06/25 4:00PM,Thu,639,"2,617",$230.01 ,$400.08 ,$909.58 ,"1,263","31,702","74,678",3,13,37,09/10 3:00PM,,1,74838
56,3/2/2026,Ecuador vs Germany - World Cup - Group E ,FIFA,MetLife Stadium,"82,500","East Rutherford, New Jersey, United States",06/25 4:00PM,Thu,895,"4,228",$808.97 ,"$1,440.25 ","$2,610.00 ","1,345","33,880","79,927",5,18,43,09/10 3:00PM,,1,80110
57,3/2/2026,Japan vs TBD - World Cup - Group F ,FIFA,AT&T Stadium,"80,000","Arlington, Texas, United States",06/25 6:00PM,Thu,512,"2,193",$465.60 ,$729.25 ,"$1,161.59 ","1,200","29,739","69,422",5,10,28,09/10 2:00PM,,0,69518
58,3/2/2026,Tunisia vs Netherlands - World Cup - Group F ,FIFA,GEHA Field at Arrowhead Stadium,"76,416","Kansas City, Missouri, United States",06/25 6:00PM,Thu,585,"2,524",$284.61 ,$585.00 ,"$1,350.00 ","1,219","29,993","69,929",11,18,32,09/10 2:00PM,,0,70039
59,3/2/2026,TBD vs United States - World Cup - Group D ,FIFA,SoFi Stadium,"70,240","Inglewood, California, United States",06/25 7:00PM,Thu,585,"2,540",$875.00 ,"$1,764.00 ","$2,911.89 ",200,"7,007","36,017",2,10,26,09/10 12:00PM,,0,36192
6,3/2/2026,Australia vs TBD - World Cup - Group D ,FIFA,BC Place Stadium,"54,500","Vancouver, British Columbia, Canada",06/13 9:00PM,Sat,494,"2,331",$369.60 ,$593.67 ,"$1,163.01 ","1,259","31,048","74,869",0,8,24,09/10 9:00AM,,0,75023
60,3/2/2026,Paraguay vs Australia - World Cup - Group D ,FIFA,Levi's Stadium,"75,000","Santa Clara, California, United States",06/25 7:00PM,Thu,629,"2,627",$382.00 ,$650.00 ,"$1,327.94 ","1,205","29,617","69,492",6,16,26,09/10 12:00PM,,0,69586
61,3/2/2026,Norway vs France - World Cup - Group I ,FIFA,Gillette Stadium,"68,756","Foxborough, Massachusetts, United States",06/26 3:00PM,Fri,790,"3,815",$755.32 ,"$1,297.47 ","$2,516.40 ","1,263","32,304","76,543",4,11,30,09/10 3:00PM,,1,76727
62,3/2/2026,Senegal vs TBD - World Cup - Group I ,FIFA,BMO Field,"30,000","Toronto, Ontario, Canada",06/26 3:00PM,Fri,359,"1,514",$400.96 ,$600.50 ,$935.45 ,"$1,256.00 ","31,305","74,206",0,4,9,09/10 12:00PM,,0,74368
63,3/2/2026,Egypt vs Iran - World Cup - Group G ,FIFA,Lumen Field,"67,000","Seattle, Washington, United States",06/26 8:00PM,Fri,700,"3,021",$253.38 ,$501.08 ,$990.00 ,180,"6,560","35,102",2,8,25,09/10 12:00PM,,0,35264
64,3/2/2026,New Zealand vs Belgium - World Cup - Group G ,FIFA,BC Place Stadium,"54,500","Vancouver, British Columbia, Canada",06/26 8:00PM,Fri,503,"2,218",$327.60 ,$530.50 ,"$1,117.80 ","1,271","31,863","74,972",2,9,32,09/10 9:00AM,,0,75140
65,3/2/2026,Cabo Verde vs Saudi Arabia - World Cup - Group H ,FIFA,NRG Stadium,"71,500","Houston, Texas, United States",06/26 7:00PM,Fri,817,"3,584",$166.03 ,$382.20 ,"$1,059.35 ",186,"6,263","13,561",5,13,26,09/10 2:00PM,,0,13648
66,3/2/2026,Uruguay vs Spain - World Cup - Group H ,FIFA,Estadio Akron (Chivas Stadium),"49,800","Zapopan, Estado de Jalisco, Mexico",06/26 7:00PM,Fri,466,"2,495",$870.00 ,"$1,455.72 ","$2,680.11 ","1,286","32,402","76,089",7,16,29,09/10 1:00PM,,0,76253
67,3/2/2026,Panama vs England - World Cup - Group L ,FIFA,MetLife Stadium,"82,500","East Rutherford, New Jersey, United States",06/27 5:00PM,Sat,873,"4,202",$644.13 ,"$1,200.60 ","$1,986.71 ",177,"6,149","13,970",3,14,42,09/10 3:00PM,,0,14063
68,3/2/2026,Croatia vs Ghana - World Cup - Group L ,FIFA,Lincoln Financial Field,"69,176","Philadelphia, Pennsylvania, United States",06/27 5:00PM,Sat,679,"2,931",$460.00 ,$755.50 ,"$1,359.82 ","1,265","31,956","75,501",5,11,28,09/10 3:00PM,,0,75652
69,3/2/2026,Algeria vs Austria - World Cup - Group J ,FIFA,GEHA Field at Arrowhead Stadium,"76,416","Kansas City, Missouri, United States",06/27 9:00PM,Sat,570,"2,555",$259.89 ,$556.52 ,"$2,343.04 ","1,185","29,458","68,747",1,11,26,09/10 2:00PM,,0,68836
7,3/2/2026,Brazil vs Morocco - World Cup - Group C ,FIFA,MetLife Stadium,"82,500","East Rutherford, New Jersey, United States",06/13 6:00PM,Sat,849,"4,032",$940.84 ,"$1,600.00 ","$2,475.20 ",443,"14,080","33,293",12,32,64,09/10 3:00PM,,0,33553
70,3/2/2026,Jordan vs Argentina - World Cup - Group J ,FIFA,AT&T Stadium,"80,000","Arlington, Texas, United States",06/27 9:00PM,Sat,629,"2,606",$742.05 ,"$1,217.36 ","$2,037.96 ",203,"7,330","36,568",7,19,37,09/10 2:00PM,,1,36740
71,3/2/2026,Colombia vs Portugal - World Cup - Group K ,FIFA,Hard Rock Stadium,"76,100","Miami, Florida, United States",06/27 7:30PM,Sat,943,"5,240","$1,603.08 ","$3,192.36 ","$8,550.00 ",356,"11,313","26,411",6,25,57,09/10 3:00PM,,0,26634
72,3/2/2026,TBD vs Uzbekistan - World Cup - Group K ,FIFA,Mercedes-Benz Stadium,"71,000","Atlanta, Georgia, United States",06/27 7:30PM,Sat,656,"2,822",$224.60 ,$450.75 ,"$1,204.37 ",128,"4,338","9,745",1,8,28,09/10 3:00PM,,0,9799
73,3/2/2026,2A vs 2B - World Cup - Round of 32 ,FIFA,SoFi Stadium,"70,240","Inglewood, California, United States",06/28 12:00PM,Sun,776,"3,354",$551.43 ,"$1,080.00 ","$1,853.86 ",992,"25,693","59,812",4,7,18,09/10 12:00PM,,0,59926
74,3/2/2026,1E vs 3A/B/C/D/F - World Cup - Round of 32 ,FIFA,Gillette Stadium,"68,756","Foxborough, Massachusetts, United States",06/29 4:30PM,Mon,661,"2,870",$535.04 ,$990.81 ,"$1,779.30 ",102,"3,933","11,389",1,7,18,09/10 3:00PM,,0,11463
75,3/2/2026,1F vs 2C - World Cup - Round of 32 ,FIFA,Estadio BBVA Bancomer,"52,237","Monterrey, Nuevo Leon, Mexico",06/29 8:00PM,Mon,343,"1,556",$491.40 ,$882.17 ,"$1,274.00 ",989,"25,393","58,861",5,10,16,09/10 1:00PM,,0,58974
76,3/2/2026,1C vs 2F - World Cup - Round of 32 ,FIFA,NRG Stadium,"71,500","Houston, Texas, United States",06/29 12:00PM,Mon,733,"3,182",$633.88 ,"$1,089.90 ","$1,869.69 ",980,"29,499","70,816",0,2,14,09/10 2:00PM,,0,70933
77,3/2/2026,1I vs 3C/D/F/G/H - World Cup - Round of 32 ,FIFA,MetLife Stadium,"82,500","East Rutherford, New Jersey, United States",06/30 5:00PM,Tue,755,"3,128",$635.36 ,"$1,001.85 ","$1,734.81 ",966,"24,498","57,291",3,6,16,09/10 3:00PM,,0,57380
78,3/2/2026,2E vs 2I - World Cup - Round of 32 ,FIFA,AT&T Stadium,"80,000","Arlington, Texas, United States",06/30 12:00PM,Tue,722,"3,136",$475.64 ,$900.41 ,"$1,782.90 ",983,"25,474","58,881",2,6,12,09/10 2:00PM,,0,58994
79,3/2/2026,1A vs 3C/E/F/H/I - World Cup - Round of 32 ,FIFA,Estadio Azteca (Estadio Banorte),"98,500","Ciudad de México, Estado de Mexico, Mexico",06/30 8:00PM,Tue,306,"1,538",$763.42 ,"$1,093.95 ","$1,882.50 ",102,"3,746","8,619",4,10,25,09/10 1:00PM,,0,8668
8,3/2/2026,Qatar vs Switzerland - World Cup - Group B ,FIFA,Levi's Stadium,"75,000","Santa Clara, California, United States",06/13 12:00PM,Sat,719,"2,898",$284.94 ,$541.02 ,$855.00 ,"1,245","31,046","72,604",2,14,40,09/10 12:00PM,,0,72724
80,3/2/2026,1L vs 3E/H/I/J/K - World Cup - Round of 32 ,FIFA,Mercedes-Benz Stadium,"71,000","Atlanta, Georgia, United States",07/01 12:00PM,Wed,695,"3,049",$525.45 ,"$1,059.78 ","$1,973.32 ",102,"3,809","8,748",1,6,19,09/10 3:00PM,,0,8801
81,3/2/2026,1D vs 3B/E/F/I/J - World Cup - Round of 32 ,FIFA,Levi's Stadium,"75,000","Santa Clara, California, United States",07/01 5:00PM,Wed,838,"3,550",$632.90 ,"$1,093.70 ","$2,046.88 ",961,"24,377","57,085",6,12,22,09/10 12:00PM,,0,57182
82,3/2/2026,1G vs 3A/E/H/I/J - World Cup - Round of 32 ,FIFA,Lumen Field,"67,000","Seattle, Washington, United States",07/01 1:00PM,Wed,700,"3,056",$426.25 ,$854.86 ,"$1,589.03 ",957,"24,066","56,446",3,13,17,09/10 12:00PM,,0,56532
83,3/2/2026,2K vs 2L - World Cup - Round of 32 ,FIFA,BMO Field,"30,000","Toronto, Ontario, Canada",07/02 7:00PM,Thu,334,"1,507","$1,028.95 ","$2,000.07 ","$3,042.72 ","1,037","26,880","62,516",8,12,18,09/10 12:00PM,,0,62651
84,3/2/2026,1H vs 2J - World Cup - Round of 32 ,FIFA,SoFi Stadium,"70,240","Inglewood, California, United States",07/02 12:00PM,Thu,708,"2,978",$662.17 ,"$1,259.82 ","$1,984.29 ",149,"5,201","13,710",4,8,17,09/10 12:00PM,,0,13828
85,3/2/2026,1B vs 3E/F/G/I/J - World Cup - Round of 32 ,FIFA,BC Place Stadium,"54,500","Vancouver, British Columbia, Canada",07/02 8:00PM,Thu,563,"2,567",$618.99 ,"$1,083.84 ","$1,815.10 ","$1,414.00 ","40,098","100,653",2,4,8,09/10 9:00AM,,0,101031
86,3/2/2026,1J vs 2H - World Cup - Round of 32 ,FIFA,Hard Rock Stadium,"76,100","Miami, Florida, United States",07/03 6:00PM,Fri,698,"3,550","$1,286.56 ","$2,445.96 ","$4,545.46 ","1,429","41,850","104,554",6,12,37,09/10 3:00PM,,0,104983
87,3/2/2026,1K vs 3D/E/I/J/L - World Cup - Round of 32 ,FIFA,GEHA Field at Arrowhead Stadium,"76,416","Kansas City, Missouri, United States",07/03 8:30PM,Fri,801,"3,445",$599.99 ,$984.90 ,"$1,996.01 ",569,"19,801","68,357",3,7,16,09/10 2:00PM,,0,68736
88,3/2/2026,2D vs 2G - World Cup - Round of 32 ,FIFA,AT&T Stadium,"80,000","Arlington, Texas, United States",07/03 1:00PM,Fri,674,"2,966",$520.75 ,$906.31 ,"$1,426.56 ","1,439","41,255","103,006",2,11,18,09/10 2:00PM,,0,103415
89,3/2/2026,W74 vs W77 - World Cup - Round of 16 ,FIFA,Lincoln Financial Field,"69,176","Philadelphia, Pennsylvania, United States",07/04 5:00PM,Sat,683,"2,919",$846.07 ,"$1,654.41 ","$2,646.74 ",591,"21,134","71,378",4,10,19,09/10 3:00PM,,0,71803
9,3/2/2026,Côte d'Ivoire vs Ecuador - World Cup - Group E ,FIFA,Lincoln Financial Field,"69,176","Philadelphia, Pennsylvania, United States",06/14 7:00PM,Sun,628,"2,588",$540.00 ,$778.12 ,"$1,085.00 ",239,"7,477","18,298",5,10,25,09/10 3:00PM,,0,18445
90,3/2/2026,W73 vs W75 - World Cup - Round of 16 ,FIFA,NRG Stadium,"71,500","Houston, Texas, United States",07/04 12:00PM,Sat,796,"3,459",$715.50 ,"$1,533.88 ","$2,609.71 ",578,"21,437","62,686",6,11,21,09/10 2:00PM,,1,63098
91,3/2/2026,W76 vs W78 - World Cup - Round of 16 ,FIFA,MetLife Stadium,"82,500","East Rutherford, New Jersey, United States",07/05 4:00PM,Sun,742,"3,133",$954.00 ,"$1,600.15 ","$2,500.30 ","1,454","41,456","103,830",4,7,18,09/10 3:00PM,,0,104259
92,3/2/2026,W79 vs W80 - World Cup - Round of 16 ,FIFA,Estadio Azteca (Estadio Banorte),"98,500","Ciudad de México, Estado de Mexico, Mexico",07/05 7:00PM,Sun,306,"1,465",$843.21 ,"$1,440.59 ","$2,011.85 ","$1,435.00 ","39,944","100,496",3,8,12,09/10 1:00PM,,0,100877
93,3/2/2026,W83 vs W84 - World Cup - Round of 16 ,FIFA,AT&T Stadium,"80,000","Arlington, Texas, United States",07/06 2:00PM,Mon,657,"2,847",$729.87 ,"$1,606.60 ","$2,501.33 ",581,"20,993","75,309",4,10,20,09/10 2:00PM,,0,75721
94,3/2/2026,W81 vs W82 - World Cup - Round of 16 ,FIFA,Lumen Field,"67,000","Seattle, Washington, United States",07/06 5:00PM,Mon,667,"2,931",$842.50 ,"$1,496.38 ","$2,526.59 ","1,412","40,123","100,817",4,5,13,09/10 12:00PM,,0,101207
95,3/2/2026,W86 vs W88 - World Cup - Round of 16 ,FIFA,Mercedes-Benz Stadium,"71,000","Atlanta, Georgia, United States",07/07 12:00PM,Tue,789,"3,431",$778.96 ,"$1,469.07 ","$2,698.42 ","1,401","40,088","100,718",1,6,13,09/10 3:00PM,,0,101111
96,3/2/2026,W85 vs W87 - World Cup - Round of 16 ,FIFA,BC Place Stadium,"54,500","Vancouver, British Columbia, Canada",07/07 1:00PM,Tue,590,"2,569",$915.75 ,"$1,724.83 ","$2,702.10 ","1,454","41,876","105,343",4,10,18,09/10 9:00AM,,0,105763
97,3/2/2026,W89 vs W90 - World Cup - Quarter-Finals ,FIFA,Gillette Stadium,"68,756","Foxborough, Massachusetts, United States",07/09 4:00PM,Thu,596,"2,695","$1,179.00 ","$1,954.33 ","$3,394.94 ",963,"25,454","59,188",3,8,15,09/10 3:00PM,,0,59311
98,3/2/2026,W93 vs W94 - World Cup - Quarter-Finals ,FIFA,SoFi Stadium,"70,240","Inglewood, California, United States",07/10 12:00PM,Fri,748,"3,218","$1,336.50 ","$2,308.32 ","$3,500.00 ","1,044","37,233","100,557",1,7,14,09/10 12:00PM,,0,101232
99,3/2/2026,W91 vs W92 - World Cup - Quarter-Finals ,FIFA,Hard Rock Stadium,"76,100","Miami, Florida, United States",07/11 5:00PM,Sat,672,"2,909","$1,491.24 ","$2,357.30 ","$3,558.60 ","1,014","36,895","99,872",3,5,14,09/10 3:00PM,,0,100567
17,3/3/2026,France vs Senegal - World Cup - Group I ,,MetLife Stadium,"82,500","East Rutherford, New Jersey, United States",06/16 3:00PM,Tue,743,"3,142",$572.35 ,$944.40 ,"$1,466.62 ",759,"40,170","100,186",10,27,65,09/10 3:00PM,,0,100317
38,3/3/2026,Spain vs Saudi Arabia - World Cup - Group H ,,Mercedes-Benz Stadium,"71,000","Atlanta, Georgia, United States",06/21 12:00PM,Sun,695,"3,146",$413.58 ,$734.33 ,"$1,236.54 ",668,"37,422","92,392",17,31,65,09/10 3:00PM,,1,92489
7,3/3/2026,Brazil vs Morocco - World Cup - Group C ,,MetLife Stadium,"82,500","East Rutherford, New Jersey, United States",06/13 6:00PM,Sat,865,"4,068",$968.00 ,"$1,593.90 ","$2,390.78 ",545,"16,992","39,317",8,26,61,09/10 3:00PM,,0,39398
11,3/3/2026,Netherlands vs Japan - World Cup - Group F ,,AT&T Stadium,"80,000","Arlington, Texas, United States",06/14 3:00PM,Sun,541,"2,182",$664.83 ,"$1,001.61 ","$1,382.34 ",310,"11,160","24,534",7,31,60,09/10 2:00PM,,1,24594
47,3/3/2026,Portugal vs Uzbekistan - World Cup - Group K ,,NRG Stadium,"71,500","Houston, Texas, United States",06/23 12:00PM,Tue,851,"3,585",$562.90 ,$869.79 ,"$1,361.36 ",223,"10,498","23,442",5,21,56,09/10 2:00PM,,0,23494
13,3/3/2026,Saudi Arabia vs Uruguay - World Cup - Group H ,,Hard Rock Stadium,"76,100","Miami, Florida, United States",06/15 6:00PM,Mon,856,"3,470",$315.00 ,$484.00 ,$783.62 ,672,"38,585","96,758",9,22,54,09/10 3:00PM,,0,96866
71,3/3/2026,Colombia vs Portugal - World Cup - Group K ,,Hard Rock Stadium,"76,100","Miami, Florida, United States",06/27 7:30PM,Sat,952,"5,282","$1,550.84 ","$3,199.57 ","$8,287.10 ",548,"14,036","32,662",2,14,51,09/10 3:00PM,,0,32727
23,3/3/2026,Portugal vs TBD - World Cup - Group K ,,NRG Stadium,"71,500","Houston, Texas, United States",06/17 12:00PM,Wed,834,"3,471",$597.08 ,$918.59 ,"$1,499.50 ",682,"39,480","99,236",11,22,49,09/10 2:00PM,,0,99367
19,3/3/2026,Argentina vs Algeria - World Cup - Group J ,,GEHA Field at Arrowhead Stadium,"76,416","Kansas City, Missouri, United States",06/16 8:00PM,Tue,755,"3,126",$715.40 ,"$1,133.70 ","$1,982.70 ",305,"11,332","24,429",6,21,49,09/10 2:00PM,,1,24472
50,3/3/2026,Morocco vs Haiti - World Cup - Group C ,,Mercedes-Benz Stadium,"71,000","Atlanta, Georgia, United States",06/24 6:00PM,Wed,846,"3,406",$228.71 ,$513.38 ,$792.00 ,159,"7,339","15,980",4,17,48,09/10 3:00PM,,0,16003
46,3/3/2026,Panama vs Croatia - World Cup - Group L ,,BMO Field,"30,000","Toronto, Ontario, Canada",06/23 7:00PM,Tue,475,"1,859",$391.04 ,$700.75 ,"$1,076.35 ",270,"11,894","25,838",10,23,45,09/10 12:00PM,,1,25880
56,3/3/2026,Ecuador vs Germany - World Cup - Group E ,,MetLife Stadium,"82,500","East Rutherford, New Jersey, United States",06/25 4:00PM,Thu,895,"4,239",$843.30 ,"$1,450.56 ","$2,605.84 ",786,"40,912","101,350",6,16,45,09/10 3:00PM,,0,101472
24,3/3/2026,Uzbekistan vs Colombia - World Cup - Group K ,,Estadio Azteca (Estadio Banorte),"98,500","Ciudad de México, Estado de Mexico, Mexico",06/17 9:00PM,Wed,397,"1,801",$636.72 ,$882.00 ,"$1,232.00 ",743,"39,195","94,653",7,17,44,09/10 1:00PM,,0,94751
14,3/3/2026,Spain vs Cabo Verde - World Cup - Group H ,,Mercedes-Benz Stadium,"71,000","Atlanta, Georgia, United States",06/15 12:00PM,Mon,784,"3,222",$346.82 ,$605.98 ,$979.06 ,747,"39,532","96,709",3,21,43,09/10 3:00PM,,0,96822
29,3/3/2026,Brazil vs Haiti - World Cup - Group C ,,Lincoln Financial Field,"69,176","Philadelphia, Pennsylvania, United States",06/19 9:00PM,Fri,709,"3,212",$713.86 ,"$1,088.31 ","$1,566.00 ",772,"41,467","101,135",7,23,43,09/10 3:00PM,,0,101262
42,3/3/2026,France vs TBD - World Cup - Group I ,,Lincoln Financial Field,"69,176","Philadelphia, Pennsylvania, United States",06/22 5:00PM,Mon,714,"2,826",$496.28 ,$727.45 ,"$1,059.23 ",717,"39,556","97,743",9,20,43,09/10 3:00PM,,0,97858
70,3/3/2026,Jordan vs Argentina - World Cup - Group J ,,AT&T Stadium,"80,000","Arlington, Texas, United States",06/27 9:00PM,Sat,654,"2,711",$675.00 ,"$1,229.02 ","$2,021.08 ",334,"10,000","22,482",4,17,42,09/10 2:00PM,,0,22520
55,3/3/2026,Curaçao vs Côte d'Ivoire - World Cup - Group E ,,Lincoln Financial Field,"69,176","Philadelphia, Pennsylvania, United States",06/25 4:00PM,Thu,634,"2,603",$228.97 ,$403.54 ,$926.82 ,599,"36,440","93,074",6,17,42,09/10 3:00PM,,0,93186
41,3/3/2026,Norway vs Senegal - World Cup - Group I ,,MetLife Stadium,"82,500","East Rutherford, New Jersey, United States",06/22 8:00PM,Mon,695,"2,890",$433.88 ,$674.89 ,"$1,075.81 ",287,"12,173","24,750",5,16,41,09/10 3:00PM,,0,24786
43,3/3/2026,Argentina vs Austria - World Cup - Group J ,,AT&T Stadium,"80,000","Arlington, Texas, United States",06/22 12:00PM,Mon,642,"3,324","$1,066.03 ","$1,878.33 ","$4,975.00 ",332,"12,622","28,098",4,11,40,09/10 2:00PM,,0,28186
67,3/3/2026,Panama vs England - World Cup - Group L ,,MetLife Stadium,"82,500","East Rutherford, New Jersey, United States",06/27 5:00PM,Sat,879,"4,233",$600.00 ,"$1,200.60 ","$1,986.71 ",163,"8,282","18,516",3,11,39,09/10 3:00PM,,0,18542
16,3/3/2026,Belgium vs Egypt - World Cup - Group G ,,Lumen Field,"67,000","Seattle, Washington, United States",06/15 12:00PM,Mon,640,"2,591",$370.00 ,$654.01 ,$997.90 ,273,"10,678","23,831",11,15,38,09/10 12:00PM,,1,23887
8,3/3/2026,Qatar vs Switzerland - World Cup - Group B ,,Levi's Stadium,"75,000","Santa Clara, California, United States",06/13 12:00PM,Sat,723,"2,899",$284.94 ,$541.02 ,$855.00 ,764,"38,274","93,565",9,13,38,09/10 12:00PM,,1,93671
39,3/3/2026,Belgium vs Iran - World Cup - Group G ,,SoFi Stadium,"70,240","Inglewood, California, United States",06/21 12:00PM,Sun,984,"3,871",$319.15 ,$607.08 ,"$1,006.50 ",676,"38,297","95,872",7,12,38,09/10 12:00PM,,1,95982
10,3/3/2026,Germany vs Curaçao - World Cup - Group E ,,NRG Stadium,"71,500","Houston, Texas, United States",06/14 12:00PM,Sun,776,"3,175",$379.00 ,$639.61 ,$967.70 ,717,"38,806","96,267",7,14,38,09/10 2:00PM,,0,96393
49,3/3/2026,Scotland vs Brazil - World Cup - Group C ,,Hard Rock Stadium,"76,100","Miami, Florida, United States",06/24 6:00PM,Wed,747,"3,789","$1,150.43 ","$1,938.62 ","$3,510.00 ",559,"31,001","78,491",4,11,37,09/10 3:00PM,,0,78587
34,3/3/2026,Ecuador vs Curaçao - World Cup - Group E ,,GEHA Field at Arrowhead Stadium,"76,416","Kansas City, Missouri, United States",06/20 7:00PM,Sat,663,"2,679",$315.00 ,$525.55 ,$800.00 ,274,"10,101","19,404",5,15,36,09/10 2:00PM,,1,19430
60,3/3/2026,Paraguay vs Australia - World Cup - Group D ,,Levi's Stadium,"75,000","Santa Clara, California, United States",06/25 7:00PM,Thu,630,"2,622",$302.00 ,$641.75 ,"$1,309.13 ",834,"36,169","89,822",7,19,32,09/10 12:00PM,,1,89940
58,3/3/2026,Tunisia vs Netherlands - World Cup - Group F ,,GEHA Field at Arrowhead Stadium,"76,416","Kansas City, Missouri, United States",06/25 6:00PM,Thu,588,"2,529",$338.64 ,$575.25 ,"$1,329.85 ",608,"35,558","89,453",0,15,32,09/10 2:00PM,,0,89557
64,3/3/2026,New Zealand vs Belgium - World Cup - Group G ,,BC Place Stadium,"54,500","Vancouver, British Columbia, Canada",06/26 8:00PM,Fri,505,"2,238",$327.60 ,$530.50 ,"$1,134.31 ",621,"33,764","90,140",3,7,31,09/10 9:00AM,,0,90249
44,3/3/2026,Jordan vs Algeria - World Cup - Group J ,,Levi's Stadium,"75,000","Santa Clara, California, United States",06/22 8:00PM,Mon,739,"2,922",$180.00 ,$415.92 ,$732.72 ,254,"10,875","22,111",2,11,31,09/10 12:00PM,,0,22148
22,3/3/2026,England vs Croatia - World Cup - Group L ,,AT&T Stadium,"80,000","Arlington, Texas, United States",06/17 3:00PM,Wed,670,"3,402",$882.23 ,"$1,672.59 ","$3,200.00 ",590,"32,567","80,860",4,12,31,09/10 2:00PM,,0,80964
45,3/3/2026,England vs Ghana - World Cup - Group L ,,Gillette Stadium,"68,756","Foxborough, Massachusetts, United States",06/23 4:00PM,Tue,554,"2,370",$621.00 ,"$1,059.58 ","$1,958.79 ",620,"32,521","79,057",5,16,30,09/10 3:00PM,,0,79145
59,3/3/2026,TBD vs United States - World Cup - Group D ,,SoFi Stadium,"70,240","Inglewood, California, United States",06/25 7:00PM,Thu,580,"2,515",$837.82 ,"$1,766.25 ","$2,911.89 ",264,"9,971","21,691",4,9,29,09/10 12:00PM,,1,21726
25,3/3/2026,TBD vs South Africa - World Cup - Group A ,,Mercedes-Benz Stadium,"71,000","Atlanta, Georgia, United States",06/18 12:00PM,Thu,605,"2,627",$247.74 ,$508.00 ,$927.13 ,623,"36,760","91,298",8,13,29,09/10 3:00PM,,0,91394
33,3/3/2026,Germany vs Côte d'Ivoire - World Cup - Group E ,,BMO Field,"30,000","Toronto, Ontario, Canada",06/20 4:00PM,Sat,389,"1,943",$641.80 ,$930.02 ,"$1,337.90 ",224,"11,264","25,783",8,15,29,09/10 12:00PM,,0,25839
86,3/3/2026,1J vs 2H - World Cup - Round of 32 ,,Hard Rock Stadium,"76,100","Miami, Florida, United States",07/03 6:00PM,Fri,704,"3,559","$1,364.00 ","$2,391.92 ","$4,500.00 ",937,"42,134","114,773",2,11,29,09/10 3:00PM,,0,115002
27,3/3/2026,Canada vs Qatar - World Cup - Group B ,,BC Place Stadium,"54,500","Vancouver, British Columbia, Canada",06/18 3:00PM,Thu,535,"2,359",$447.93 ,$881.05 ,"$1,255.91 ",715,"38,075","93,016",11,18,28,09/10 9:00AM,,0,93128
61,3/3/2026,Norway vs France - World Cup - Group I ,,Gillette Stadium,"68,756","Foxborough, Massachusetts, United States",06/26 3:00PM,Fri,792,"3,822",$735.03 ,"$1,273.77 ","$2,491.72 ",615,"38,046","96,161",3,13,28,09/10 3:00PM,,0,96272
6,3/3/2026,Australia vs TBD - World Cup - Group D ,,BC Place Stadium,"54,500","Vancouver, British Columbia, Canada",06/13 9:00PM,Sat,495,"2,329",$382.09 ,$593.34 ,"$1,150.00 ",690,"38,075","95,001",8,10,27,09/10 9:00AM,,0,95129
15,3/3/2026,Iran vs New Zealand - World Cup - Group G ,,SoFi Stadium,"70,240","Inglewood, California, United States",06/15 6:00PM,Mon,941,"3,738",$295.00 ,$562.00 ,$929.78 ,277,"10,767","23,357",3,8,27,09/10 12:00PM,,0,23398
5,3/3/2026,Haiti vs Scotland - World Cup - Group C ,,Gillette Stadium,"68,756","Foxborough, Massachusetts, United States",06/13 9:00PM,Sat,720,"3,076",$598.40 ,$879.52 ,"$1,250.00 ",295,"10,730","27,911",6,12,27,09/10 3:00PM,,0,28041
9,3/3/2026,Côte d'Ivoire vs Ecuador - World Cup - Group E ,,Lincoln Financial Field,"69,176","Philadelphia, Pennsylvania, United States",06/14 7:00PM,Sun,637,"2,606",$528.00 ,$759.00 ,"$1,067.20 ",337,"11,514","24,124",6,14,27,09/10 3:00PM,,0,24167
72,3/3/2026,TBD vs Uzbekistan - World Cup - Group K ,,Mercedes-Benz Stadium,"71,000","Atlanta, Georgia, United States",06/27 7:30PM,Sat,691,"2,937",$192.00 ,$441.00 ,"$1,066.09 ",274,"8,024","15,699",2,6,27,09/10 3:00PM,,0,15720
36,3/3/2026,Tunisia vs Japan - World Cup - Group F ,,Estadio BBVA Bancomer,"52,237","Monterrey, Nuevo Leon, Mexico",06/20 11:00PM,Sat,326,"1,330",$222.60 ,$375.00 ,$683.51 ,255,"10,677","22,405",5,18,27,09/10 1:00PM,,0,22438
63,3/3/2026,Egypt vs Iran - World Cup - Group G ,,Lumen Field,"67,000","Seattle, Washington, United States",06/26 8:00PM,Fri,705,"3,042",$248.12 ,$499.00 ,$982.95 ,243,"9,993","21,365",2,8,26,09/10 12:00PM,,0,21408
57,3/3/2026,Japan vs TBD - World Cup - Group F ,,AT&T Stadium,"80,000","Arlington, Texas, United States",06/25 6:00PM,Thu,513,"2,188",$440.10 ,$727.00 ,"$1,157.41 ",655,"36,904","90,843",1,9,26,09/10 2:00PM,,0,90937
37,3/3/2026,Uruguay vs Cabo Verde - World Cup - Group H ,,Hard Rock Stadium,"76,100","Miami, Florida, United States",06/21 6:00PM,Sun,814,"3,212",$308.95 ,$422.55 ,$760.31 ,656,"38,852","95,897",3,9,26,09/10 3:00PM,,0,96003
68,3/3/2026,Croatia vs Ghana - World Cup - Group L ,,Lincoln Financial Field,"69,176","Philadelphia, Pennsylvania, United States",06/27 5:00PM,Sat,691,"2,951",$445.50 ,$728.89 ,"$1,324.03 ",853,"37,801","95,250",5,14,26,09/10 3:00PM,,0,95353
31,3/3/2026,TBD vs Paraguay - World Cup - Group D ,,Levi's Stadium,"75,000","Santa Clara, California, United States",06/19 9:00PM,Fri,601,"2,559",$241.96 ,$567.00 ,"$1,008.83 ",235,"9,424","17,715",2,8,24,09/10 12:00PM,,0,17738
48,3/3/2026,Colombia vs TBD - World Cup - Group K ,,Estadio Akron (Chivas Stadium),"49,800","Zapopan, Estado de Jalisco, Mexico",06/23 9:00PM,Tue,336,"1,540",$674.92 ,$923.34 ,"$1,477.79 ",221,"10,167","26,735",2,8,24,09/10 1:00PM,,0,26859
66,3/3/2026,Uruguay vs Spain - World Cup - Group H ,,Estadio Akron (Chivas Stadium),"49,800","Zapopan, Estado de Jalisco, Mexico",06/26 7:00PM,Fri,480,"2,566",$854.62 ,"$1,467.37 ","$2,618.68 ",232,"6,915","57,936",2,10,24,09/10 1:00PM,,0,58058
20,3/3/2026,Austria vs Jordan - World Cup - Group J ,,Levi's Stadium,"75,000","Santa Clara, California, United States",06/16 9:00PM,Tue,722,"2,856",$221.12 ,$489.02 ,$771.20 ,270,"10,809","22,676",3,12,23,09/10 12:00PM,,0,22708
81,3/3/2026,1D vs 3B/E/F/I/J - World Cup - Round of 32 ,,Levi's Stadium,"75,000","Santa Clara, California, United States",07/01 5:00PM,Wed,844,"3,572",$632.90 ,"$1,076.26 ","$2,046.88 ",516,"26,813","70,072",3,13,23,09/10 12:00PM,,0,70154
35,3/3/2026,Netherlands vs TBA - World Cup - Group F ,,NRG Stadium,"71,500","Houston, Texas, United States",06/20 12:00PM,Sat,605,"2,588",$339.72 ,$729.00 ,"$1,130.39 ",241,"9,473","23,609",7,13,23,09/10 2:00PM,,1,23726
65,3/3/2026,Cabo Verde vs Saudi Arabia - World Cup - Group H ,,NRG Stadium,"71,500","Houston, Texas, United States",06/26 7:00PM,Fri,822,"3,581",$166.03 ,$376.77 ,"$1,059.35 ",199,"9,452","20,286",5,13,23,09/10 2:00PM,,0,20319
87,3/3/2026,1K vs 3D/E/I/J/L - World Cup - Round of 32 ,,GEHA Field at Arrowhead Stadium,"76,416","Kansas City, Missouri, United States",07/03 8:30PM,Fri,805,"3,450",$585.00 ,$973.70 ,"$1,993.79 ",588,"18,232","51,980",9,14,23,09/10 2:00PM,,1,52143
51,3/3/2026,Switzerland vs Canada - World Cup - Group B ,,BC Place Stadium,"54,500","Vancouver, British Columbia, Canada",06/24 12:00PM,Wed,625,"2,654",$563.92 ,$896.81 ,"$1,404.18 ",645,"37,743","95,630",8,11,22,09/10 9:00AM,,0,95742
21,3/3/2026,Ghana vs Panama - World Cup - Group L ,,BMO Field,"30,000","Toronto, Ontario, Canada",06/17 7:00PM,Wed,389,"1,723",$411.38 ,$637.07 ,"$1,018.98 ",212,"10,171","22,845",4,9,22,09/10 12:00PM,,0,22884
77,3/3/2026,1I vs 3C/D/F/G/H - World Cup - Round of 32 ,,MetLife Stadium,"82,500","East Rutherford, New Jersey, United States",06/30 5:00PM,Tue,759,"3,155",$648.48 ,"$1,000.00 ","$1,695.75 ",159,"15,768","59,062",3,11,22,09/10 3:00PM,,0,59138
79,3/3/2026,1A vs 3C/E/F/H/I - World Cup - Round of 32 ,,Estadio Azteca (Estadio Banorte),"98,500","Ciudad de México, Estado de Mexico, Mexico",06/30 8:00PM,Tue,310,"1,558",$763.25 ,"$1,110.20 ","$1,830.22 ",119,"3,707","9,531",3,14,22,09/10 1:00PM,,0,9550
90,3/3/2026,W73 vs W75 - World Cup - Round of 16 ,,NRG Stadium,"71,500","Houston, Texas, United States",07/04 12:00PM,Sat,809,"3,529",$715.50 ,"$1,462.86 ","$2,551.86 ",588,"19,225","54,696",3,11,21,09/10 2:00PM,,0,54863
75,3/3/2026,1F vs 2C - World Cup - Round of 32 ,,Estadio BBVA Bancomer,"52,237","Monterrey, Nuevo Leon, Mexico",06/29 8:00PM,Mon,343,"1,561",$488.93 ,$862.81 ,"$1,320.00 ",517,"27,388","71,721",4,12,21,09/10 1:00PM,,0,71799
84,3/3/2026,1H vs 2J - World Cup - Round of 32 ,,SoFi Stadium,"70,240","Inglewood, California, United States",07/02 12:00PM,Thu,724,"3,033",$662.17 ,"$1,200.00 ","$1,940.24 ",141,"4,617","12,348",4,10,20,09/10 12:00PM,,1,12365
91,3/3/2026,W76 vs W78 - World Cup - Round of 16 ,,MetLife Stadium,"82,500","East Rutherford, New Jersey, United States",07/05 4:00PM,Sun,741,"3,136",$857.54 ,"$1,600.02 ","$2,500.61 ",976,"42,114","114,580",4,9,20,09/10 3:00PM,,0,114812
53,3/3/2026,TBD vs Mexico - World Cup - Group A ,,Estadio Azteca (Estadio Banorte),"98,500","Ciudad de México, Estado de Mexico, Mexico",06/24 8:00PM,Wed,362,"2,296","$1,337.13 ","$2,431.05 ","$5,000.00 ",622,"32,921","85,937",5,7,20,09/10 1:00PM,,0,86046
92,3/3/2026,W79 vs W80 - World Cup - Round of 16 ,,Estadio Azteca (Estadio Banorte),"98,500","Ciudad de México, Estado de Mexico, Mexico",07/05 7:00PM,Sun,314,"1,500",$855.40 ,"$1,436.18 ","$2,000.00 ",922,"40,974","111,232",8,15,20,09/10 1:00PM,,0,111458
4,3/3/2026,United States vs Paraguay - World Cup - Group D ,,SoFi Stadium,"70,240","Inglewood, California, United States",06/12 6:00PM,Fri,752,"3,192","$1,159.96 ","$2,024.75 ","$3,042.56 ",940,"43,381","106,261",4,9,19,09/10 12:00PM,,1,106419
26,3/3/2026,Switzerland vs TBD - World Cup - Group B ,,SoFi Stadium,"70,240","Inglewood, California, United States",06/18 12:00PM,Thu,686,"2,960",$451.10 ,$723.25 ,"$1,214.23 ",174,"8,372","23,197",3,5,19,09/10 12:00PM,,0,23313
69,3/3/2026,Algeria vs Austria - World Cup - Group J ,,GEHA Field at Arrowhead Stadium,"76,416","Kansas City, Missouri, United States",06/27 9:00PM,Sat,575,"2,575",$259.89 ,$541.14 ,"$2,160.00 ",816,"36,198","89,453",0,4,19,09/10 2:00PM,,0,89549
18,3/3/2026,TBD vs Norway - World Cup - Group I ,,Gillette Stadium,"68,756","Foxborough, Massachusetts, United States",06/16 6:00PM,Tue,636,"2,755",$454.50 ,$700.78 ,"$1,117.80 ",255,"10,276","22,368",3,9,19,09/10 3:00PM,,0,22404
83,3/3/2026,2K vs 2L - World Cup - Round of 32 ,,BMO Field,"30,000","Toronto, Ontario, Canada",07/02 7:00PM,Thu,338,"1,523",$990.30 ,"$1,974.04 ","$3,036.43 ",561,"29,066","76,100",1,10,19,09/10 12:00PM,,0,76193
40,3/3/2026,New Zealand vs Egypt - World Cup - Group G ,,BC Place Stadium,"54,500","Vancouver, British Columbia, Canada",06/21 6:00PM,Sun,443,"2,009",$285.00 ,$462.74 ,$975.77 ,270,"10,655","22,726",5,8,19,09/10 9:00AM,,0,22759
82,3/3/2026,1G vs 3A/E/H/I/J - World Cup - Round of 32 ,,Lumen Field,"67,000","Seattle, Washington, United States",07/01 1:00PM,Wed,704,"3,079",$421.81 ,$829.98 ,"$1,582.28 ",496,"26,507","69,323",2,10,18,09/10 12:00PM,,0,69401
74,3/3/2026,1E vs 3A/B/C/D/F - World Cup - Round of 32 ,,Gillette Stadium,"68,756","Foxborough, Massachusetts, United States",06/29 4:30PM,Mon,666,"2,884",$535.04 ,$979.06 ,"$1,778.54 ",122,"3,674","9,715",2,5,18,09/10 3:00PM,,0,9735
80,3/3/2026,1L vs 3E/H/I/J/K - World Cup - Round of 32 ,,Mercedes-Benz Stadium,"71,000","Atlanta, Georgia, United States",07/01 12:00PM,Wed,706,"3,101",$504.02 ,"$1,010.70 ","$1,898.32 ",124,"3,747","9,680",2,6,18,09/10 3:00PM,,0,9695
89,3/3/2026,W74 vs W77 - World Cup - Round of 16 ,,Lincoln Financial Field,"69,176","Philadelphia, Pennsylvania, United States",07/04 5:00PM,Sat,679,"2,915",$846.07 ,"$1,664.56 ","$2,646.74 ",581,"19,351","54,700",4,8,18,09/10 3:00PM,,0,54868
103,3/3/2026,L101 vs L102 - World Cup - 3rd Place ,,Hard Rock Stadium,"76,100","Miami, Florida, United States",07/18 5:00PM,Sat,732,"3,068",$899.10 ,"$1,399.75 ","$2,556.97 ","1,425","47,878","135,571",3,7,18,09/10 3:00PM,,2,135932
52,3/3/2026,TBD vs Qatar - World Cup - Group B ,,Lumen Field,"67,000","Seattle, Washington, United States",06/24 12:00PM,Wed,545,"2,355",$314.99 ,$620.23 ,"$1,426.50 ",151,"7,695","16,633",2,7,17,09/10 12:00PM,,0,16658
73,3/3/2026,2A vs 2B - World Cup - Round of 32 ,,SoFi Stadium,"70,240","Inglewood, California, United States",06/28 12:00PM,Sun,787,"3,419",$551.43 ,"$1,075.92 ","$1,853.86 ",531,"30,649","76,466",4,9,17,09/10 12:00PM,,1,76545
11,3/3/2026,Netherlands vs Japan - World Cup - Group F ,,AT&T Stadium,"12,000","Arlington, Texas, United States",06/14 3:00PM,Sun,117,714,$45.00 ,$113.85 ,$166.42 ,1,28,50,3,9,17,,,0,50
93,3/3/2026,W83 vs W84 - World Cup - Round of 16 ,,AT&T Stadium,"80,000","Arlington, Texas, United States",07/06 2:00PM,Mon,684,"2,979",$729.87 ,"$1,573.88 ","$2,427.76 ",570,"18,762","57,444",0,7,17,09/10 2:00PM,,0,57674
97,3/3/2026,W89 vs W90 - World Cup - Quarter-Finals ,,Gillette Stadium,"68,756","Foxborough, Massachusetts, United States",07/09 4:00PM,Thu,611,"2,751","$1,182.05 ","$1,973.25 ","$3,181.50 ",506,"27,108","71,542",3,8,17,09/10 3:00PM,,0,71626
96,3/3/2026,W85 vs W87 - World Cup - Round of 16 ,,BC Place Stadium,"54,500","Vancouver, British Columbia, Canada",07/07 1:00PM,Tue,595,"2,598",$915.75 ,"$1,710.67 ","$2,647.74 ",965,"42,148","115,457",1,6,16,09/10 9:00AM,,0,115693
14,3/3/2026,Spain vs Cabo Verde - World Cup - Group H ,,Mercedes-Benz Stadium,"20,000","Atlanta, Georgia, United States",06/15 12:00PM,Mon,187,793,$17.88 ,$52.20 ,$72.00 ,0,14,35,4,12,16,,,0,35
2,3/3/2026,Korea Republic vs TBD - World Cup - Group A ,,Estadio Akron (Chivas Stadium),"49,800","Zapopan, Estado de Jalisco, Mexico",06/11 9:00PM,Thu,386,"1,972",$368.73 ,$599.55 ,$998.65 ,705,"35,499","92,915",1,8,16,09/10 1:00PM,,0,93027
12,3/3/2026,TBA vs Tunisia - World Cup - Group F ,,Estadio BBVA Bancomer,"52,237","Monterrey, Nuevo Leon, Mexico",06/14 9:00PM,Sun,386,"1,711",$211.93 ,$365.67 ,$743.98 ,268,"9,831","19,848",0,5,16,09/10 1:00PM,,0,19884
3,3/3/2026,Canada vs TBD - World Cup - Group B ,,BMO Field,"30,000","Toronto, Ontario, Canada",06/12 3:00PM,Fri,424,"2,059","$1,232.70 ","$2,100.53 ","$2,945.82 ",372,"13,260","26,388",3,8,15,09/10 12:00PM,,0,26433
95,3/3/2026,W86 vs W88 - World Cup - Round of 16 ,,Mercedes-Benz Stadium,"71,000","Atlanta, Georgia, United States",07/07 12:00PM,Tue,787,"3,426",$801.76 ,"$1,467.24 ","$2,699.10 ",917,"40,823","111,175",4,9,15,09/10 3:00PM,,0,111400
32,3/3/2026,United States vs Australia - World Cup - Group D ,,Lumen Field,"67,000","Seattle, Washington, United States",06/19 12:00PM,Fri,597,"2,902","$1,116.25 ","$1,953.79 ","$4,500.00 ",272,"11,184","25,073",3,7,14,09/10 12:00PM,,1,25135
98,3/3/2026,W93 vs W94 - World Cup - Quarter-Finals ,,SoFi Stadium,"70,240","Inglewood, California, United States",07/10 12:00PM,Fri,760,"3,273","$1,280.49 ","$2,243.97 ","$3,399.19 ",996,"33,578","96,840",2,6,14,09/10 12:00PM,,2,97160
78,3/3/2026,2E vs 2I - World Cup - Round of 32 ,,AT&T Stadium,"80,000","Arlington, Texas, United States",06/30 12:00PM,Tue,731,"3,176",$491.79 ,$888.89 ,"$1,779.30 ",513,"27,202","71,576",2,6,14,09/10 2:00PM,,0,71662
88,3/3/2026,2D vs 2G - World Cup - Round of 32 ,,AT&T Stadium,"80,000","Arlington, Texas, United States",07/03 1:00PM,Fri,687,"3,017",$516.60 ,$884.45 ,"$1,396.50 ",945,"41,577","113,431",0,2,14,09/10 2:00PM,,0,113659
43,3/3/2026,Argentina vs Austria - World Cup - Group J ,,AT&T Stadium,"12,000","Arlington, Texas, United States",06/22 12:00PM,Mon,138,739,$45.90 ,$94.83 ,$181.59 ,0,21,63,4,9,14,,,0,63
19,3/3/2026,Argentina vs Algeria - World Cup - Group J ,,GEHA Field at Arrowhead Stadium,"14,000","Kansas City, Missouri, United States",06/16 8:00PM,Tue,50,138,$157.50 ,$208.96 ,$262.75 ,2,12,29,2,5,14,,,1,30
99,3/3/2026,W91 vs W92 - World Cup - Quarter-Finals ,,Hard Rock Stadium,"76,100","Miami, Florida, United States",07/11 5:00PM,Sat,673,"2,910","$1,491.24 ","$2,359.74 ","$3,534.87 ",994,"33,255","96,119",2,5,14,09/10 3:00PM,,0,96437
94,3/3/2026,W81 vs W82 - World Cup - Round of 16 ,,Lumen Field,"67,000","Seattle, Washington, United States",07/06 5:00PM,Mon,684,"3,005",$828.23 ,"$1,485.25 ","$2,409.78 ",927,"40,929","111,440",1,6,13,09/10 12:00PM,,1,111668
101,3/3/2026,W97 vs W98 - World Cup - Semi Finals ,,AT&T Stadium,"80,000","Arlington, Texas, United States",07/14 2:00PM,Tue,656,"2,992","$1,946.87 ","$3,427.60 ","$5,399.55 ",989,"33,449","96,528",1,5,13,09/10 2:00PM,,0,96852
30,3/3/2026,Scotland vs Morocco - World Cup - Group C ,,Gillette Stadium,"68,756","Foxborough, Massachusetts, United States",06/19 6:00PM,Fri,671,"2,957",$611.72 ,$968.00 ,"$1,423.09 ",229,"9,834","19,419",1,5,13,09/10 3:00PM,,0,19442
76,3/3/2026,1C vs 2F - World Cup - Round of 32 ,,NRG Stadium,"71,500","Houston, Texas, United States",06/29 12:00PM,Mon,744,"3,234",$633.88 ,"$1,082.70 ","$1,831.78 ",742,"30,999","82,244",2,4,12,09/10 2:00PM,,0,82412
1,3/3/2026,Mexico vs South Africa - World Cup - Group A ,,Estadio Azteca (Estadio Banorte),"98,500","Ciudad de México, Estado de Mexico, Mexico",06/11 2:00PM,Thu,454,"2,693","$2,644.79 ","$4,791.18 ","$7,147.42 ",508,"12,416","28,128",0,5,12,09/10 1:00PM,,0,28223
8,3/3/2026,Qatar vs Switzerland - World Cup - Group B ,,Levi's Stadium,"31,600","Santa Clara, California, United States",06/13 12:00PM,Sat,37,104,$21.60 ,$83.70 ,$116.45 ,0,21,71,4,6,11,,,0,72
100,3/3/2026,W95 vs W96 - World Cup - Quarter-Finals ,,GEHA Field at Arrowhead Stadium,"76,416","Kansas City, Missouri, United States",07/11 8:00PM,Sat,594,"2,592","$1,420.08 ","$2,500.00 ","$3,429.58 ","1,351","55,780","154,407",1,3,11,09/10 2:00PM,,0,154791
38,3/3/2026,Spain vs Saudi Arabia - World Cup - Group H ,,Mercedes-Benz Stadium,"20,000","Atlanta, Georgia, United States",06/21 12:00PM,Sun,208,895,$17.88 ,$46.41 ,$64.32 ,0,11,36,1,4,11,,,0,36
61,3/3/2026,Norway vs France - World Cup - Group I ,,Gillette Stadium,"16,000","Foxborough, Massachusetts, United States",06/26 3:00PM,Fri,98,345,$48.10 ,$86.72 ,$156.60 ,0,17,36,1,6,11,,,0,37
39,3/3/2026,Belgium vs Iran - World Cup - Group G ,,SoFi Stadium,"10,500","Inglewood, California, United States",06/21 12:00PM,Sun,83,325,$28.80 ,$28.80 ,$280.32 ,0,5,27,2,3,10,,,0,28
62,3/3/2026,Senegal vs TBD - World Cup - Group I ,,BMO Field,"30,000","Toronto, Ontario, Canada",06/26 3:00PM,Fri,360,"1,516",$394.07 ,$599.46 ,$931.22 ,585,"33,640","89,363",2,4,10,09/10 12:00PM,,0,89470
102,3/3/2026,W99 vs W100 - World Cup - Semi Finals ,,Mercedes-Benz Stadium,"71,000","Atlanta, Georgia, United States",07/15 3:00PM,Wed,687,"3,039","$1,746.00 ","$3,384.10 ","$5,250.00 ","1,014","33,170","94,900",2,8,10,09/10 3:00PM,,0,95218
28,3/3/2026,Mexico vs Korea Republic - World Cup - Group A ,,Estadio Akron (Chivas Stadium),"49,800","Zapopan, Estado de Jalisco, Mexico",06/18 8:00PM,Thu,389,"2,543","$1,552.64 ","$2,600.50 ","$4,639.94 ",272,"10,906","24,199",3,5,10,09/10 1:00PM,,0,24252
22,3/3/2026,England vs Croatia - World Cup - Group L ,,AT&T Stadium,"12,000","Arlington, Texas, United States",06/17 3:00PM,Wed,121,667,$50.40 ,$121.25 ,$202.73 ,0,14,45,5,6,9,,,0,46
34,3/3/2026,Ecuador vs Curaçao - World Cup - Group E ,,GEHA Field at Arrowhead Stadium,"14,000","Kansas City, Missouri, United States",06/20 7:00PM,Sat,41,146,$121.04 ,$144.53 ,$215.34 ,0,6,21,2,4,9,,,1,25
18,3/3/2026,TBD vs Norway - World Cup - Group I ,,Gillette Stadium,"16,000","Foxborough, Massachusetts, United States",06/16 6:00PM,Tue,68,315,$43.30 ,$78.30 ,$118.85 ,0,7,24,1,3,9,,,0,24
54,3/3/2026,South Africa vs Korea Republic - World Cup - Group A ,,Estadio BBVA Bancomer,"52,237","Monterrey, Nuevo Leon, Mexico",06/24 8:00PM,Wed,278,"1,171",$217.06 ,$352.50 ,$768.09 ,154,"5,443","15,479",2,5,9,09/10 1:00PM,,0,15512
81,3/3/2026,1D vs 3B/E/F/I/J - World Cup - Round of 32 ,,Levi's Stadium,"31,600","Santa Clara, California, United States",07/01 5:00PM,Wed,17,73,$19.80 ,$87.41 ,$145.60 ,0,17,29,1,7,8,,,0,29
10,3/3/2026,Germany vs Curaçao - World Cup - Group E ,,NRG Stadium,"26,000","Houston, Texas, United States",06/14 12:00PM,Sun,77,395,$38.22 ,$95.55 ,$126.25 ,2,16,38,1,2,8,,,0,38
23,3/3/2026,Portugal vs TBD - World Cup - Group K ,,NRG Stadium,"26,000","Houston, Texas, United States",06/17 12:00PM,Wed,69,419,$33.67 ,$99.19 ,$117.00 ,0,13,38,0,1,8,,,0,38
70,3/3/2026,Jordan vs Argentina - World Cup - Group J ,,AT&T Stadium,"12,000","Arlington, Texas, United States",06/27 9:00PM,Sat,123,696,$31.50 ,$87.34 ,$166.42 ,0,12,33,3,3,8,,,0,33
5,3/3/2026,Haiti vs Scotland - World Cup - Group C ,,Gillette Stadium,"16,000","Foxborough, Massachusetts, United States",06/13 9:00PM,Sat,91,360,$45.67 ,$87.84 ,$136.71 ,0,14,52,3,5,8,,,0,52
104,3/3/2026,W101 vs W102 - World Cup - Final ,,MetLife Stadium,"82,500","East Rutherford, New Jersey, United States",07/19 3:00PM,Sun,461,"1,895","$6,925.50 ","$11,786.20 ","$16,599.08 ","1,081","36,216","103,445",0,0,7,09/10 3:00PM,,0,103796
85,3/3/2026,1B vs 3E/F/G/I/J - World Cup - Round of 32 ,,BC Place Stadium,"54,500","Vancouver, British Columbia, Canada",07/02 8:00PM,Thu,557,"2,546",$634.79 ,"$1,117.31 ","$1,837.24 ",927,"40,938","111,341",1,4,7,09/10 9:00AM,,0,111573
103,3/7/2026,L101 vs L102 - World Cup - 3rd Place,AXS,Hard Rock Stadium,"76,100","Miami, Florida, United States",07/18 5:00PM,Sat,767,"3,453",$899.10 ,"$1,362.35 ","$2,417.25 ",1106,"51,947","136,814",1,4,12,09/10 3:00PM,,0,"137,901"
104,3/7/2026,W101 vs W102 - World Cup - Final,AXS,MetLife Stadium,"82,500","East Rutherford, New Jersey, United States",07/19 3:00PM,Sun,513,"2,354","$7,330.40 ","$11,970.00 ","$16,315.00 ",1116,"43,762","116,791",1,5,5,09/10 3:00PM,,0,"117,928"
99,3/7/2026,W91 vs W92 - World Cup - Quarter-Finals,AXS,Hard Rock Stadium,"76,100","Miami, Florida, United States",07/11 5:00PM,Sat,720,"3,353","$1,500.00 ","$2,326.65 ","$3,451.50 ",1051,"41,785","110,582",4,7,15,09/10 3:00PM,,0,"111,624"
98,3/7/2026,W93 vs W94 - World Cup - Quarter-Finals,AXS,SoFi Stadium,"70,240","Inglewood, California, United States",07/10 12:00PM,Fri,788,"3,632","$1,280.49 ","$2,243.28 ","$3,405.26 ",1047,"41,736","111,421",1,8,15,09/10 12:00PM,,0,"112,502"
101,3/7/2026,W97 vs W98 - World Cup - Semi Finals,AXS,AT&T Stadium,"80,000","Arlington, Texas, United States",07/14 2:00PM,Tue,690,"3,394","$1,935.14 ","$3,332.47 ","$5,306.55 ",1046,"41,681","112,026",1,2,7,09/10 2:00PM,,0,"113,175"
102,3/7/2026,W99 vs W100 - World Cup - Semi Finals,AXS,Mercedes-Benz Stadium,"71,000","Atlanta, Georgia, United States",07/15 3:00PM,Wed,733,"3,467","$1,746.00 ","$3,255.00 ","$5,140.00 ",1055,"41,264","108,454",0,7,16,09/10 3:00PM,,0,"109,486"
100,3/7/2026,W95 vs W96 - World Cup - Quarter-Finals,AXS,GEHA Field at Arrowhead Stadium,"76,416","Kansas City, Missouri, United States",07/11 8:00PM,Sat,631,"2,993","$1,311.75 ","$2,430.50 ","$3,364.83 ",1031,"41,197","109,528",0,1,5,09/10 2:00PM,,0,"111,195"
96,3/7/2026,W85 vs W87 - World Cup - Round of 16,N/A,BC Place Stadium,"54,500","Vancouver, British Columbia, Canada",07/07 1:00PM,Tue,622,"2,960",$866.80 ,"$1,656.58 ","$2,515.96 ",640,"25,245","68,673",1,5,11,09/10 9:00AM,,0,"69,973"
86,3/7/2026,1J vs 2H - World Cup - Round of 32,AXS,Hard Rock Stadium,"76,100","Miami, Florida, United States",07/03 6:00PM,Fri,751,"4,025","$1,394.49 ","$2,327.16 ","$4,024.02 ",632,"24,984","67,889",1,2,15,09/10 3:00PM,,0,"69,171"
94,3/7/2026,W81 vs W82 - World Cup - Round of 16,AXS,Lumen Field,"67,000","Seattle, Washington, United States",07/06 5:00PM,Mon,721,"3,412",$800.00 ,"$1,486.80 ","$2,475.00 ",623,"24,979","65,095",1,9,15,09/10 12:00PM,,0,"66,333"
91,3/7/2026,W76 vs W78 - World Cup - Round of 16,AXS,MetLife Stadium,"82,500","East Rutherford, New Jersey, United States",07/05 4:00PM,Sun,763,"3,499",$996.79 ,"$1,557.92 ","$2,420.94 ",643,"24,905","67,762",3,8,18,09/10 3:00PM,,0,"69,068"
89,3/7/2026,W74 vs W77 - World Cup - Round of 16,AXS,Lincoln Financial Field,"69,176","Philadelphia, Pennsylvania, United States",07/04 5:00PM,Sat,723,"3,344",$846.53 ,"$1,605.28 ","$2,541.60 ",635,"24,624","65,830",3,5,18,09/10 3:00PM,,0,"66,463"
93,3/7/2026,W83 vs W84 - World Cup - Round of 16,AXS,AT&T Stadium,"80,000","Arlington, Texas, United States",07/06 2:00PM,Mon,725,"3,389",$805.10 ,"$1,508.87 ","$2,327.69 ",615,"24,546","65,358",0,3,11,09/10 2:00PM,,0,"65,997"
90,3/7/2026,W73 vs W75 - World Cup - Round of 16,AXS,NRG Stadium,"71,500","Houston, Texas, United States",07/04 12:00PM,Sat,857,"3,961",$651.60 ,"$1,371.82 ","$2,425.53 ",637,"24,529","65,577",3,4,16,09/10 2:00PM,,0,"66,215"
88,3/7/2026,2D vs 2G - World Cup - Round of 32,AXS,AT&T Stadium,"80,000","Arlington, Texas, United States",07/03 1:00PM,Fri,724,"3,385",$516.60 ,$865.00 ,"$1,418.58 ",620,"24,321","66,660",4,7,13,09/10 2:00PM,,0,"67,935"
95,3/7/2026,W86 vs W88 - World Cup - Round of 16,AXS,Mercedes-Benz Stadium,"71,000","Atlanta, Georgia, United States",07/07 12:00PM,Tue,814,"3,812",$770.80 ,"$1,435.30 ","$2,602.32 ",605,"24,084","63,837",3,9,18,09/10 3:00PM,,0,"65,069"
87,3/7/2026,1K vs 3D/E/I/J/L - World Cup - Round of 32,N/A,GEHA Field at Arrowhead Stadium,"76,416","Kansas City, Missouri, United States",07/03 8:30PM,Fri,845,"3,877",$585.00 ,$911.40 ,"$1,819.15 ",613,"24,047","62,114",4,9,27,09/10 2:00PM,,0,"62,678"
92,3/7/2026,W79 vs W80 - World Cup - Round of 16,N/A,Estadio Azteca (Estadio Banorte),"98,500","Ciudad de México, Estado de Mexico, Mexico",07/05 7:00PM,Sun,322,"1,819",$862.92 ,"$1,400.00 ","$2,000.00 ",601,"24,035","63,932",3,13,28,09/10 1:00PM,,0,"65,170"
85,3/7/2026,1B vs 3E/F/G/I/J - World Cup - Round of 32,N/A,BC Place Stadium,"54,500","Vancouver, British Columbia, Canada",07/02 8:00PM,Thu,590,"2,946",$648.52 ,"$1,054.35 ","$1,779.42 ",600,"23,858","63,795",1,2,10,09/10 9:00AM,,0,"65,012"
7,3/7/2026,Brazil vs Morocco - World Cup - Group C,AXS,MetLife Stadium,"82,500","East Rutherford, New Jersey, United States",06/13 6:00PM,Sat,932,"4,570",$872.44 ,"$1,556.23 ","$2,314.14 ",757,"23,753","57,255",5,25,61,09/10 3:00PM,,0,"57,824"
4,3/7/2026,United States vs Paraguay - World Cup - Group D,AXS,SoFi Stadium,"70,240","Inglewood, California, United States",06/12 6:00PM,Fri,784,"3,282","$1,152.00 ","$2,025.00 ","$2,968.54 ",696,"22,204","55,359",5,14,29,09/10 12:00PM,,1,"56,687"
71,3/7/2026,Colombia vs Portugal - World Cup - Group K,AXS,Hard Rock Stadium,"76,100","Miami, Florida, United States",06/27 7:30PM,Sat,1005,"5,793","$1,629.41 ","$3,117.86 ","$6,300.00 ",664,"19,973","48,068",5,25,57,09/10 3:00PM,,0,"48,598"
11,3/7/2026,Netherlands vs Japan - World Cup - Group F,AXS,AT&T Stadium,"80,000","Arlington, Texas, United States",06/14 3:00PM,Sun,585,"2,601",$556.03 ,$975.00 ,"$1,349.14 ",630,"19,957","43,445",8,21,57,09/10 2:00PM,,0,"43,900"
46,3/7/2026,Panama vs Croatia - World Cup - Group L,N/A,BMO Field,"30,000","Toronto, Ontario, Canada",06/23 7:00PM,Tue,507,"2,278",$416.89 ,$686.00 ,"$1,035.91 ",604,"18,145","43,426",6,18,52,09/10 12:00PM,,0,"43,910"
43,3/7/2026,Argentina vs Austria - World Cup - Group J,AXS,AT&T Stadium,"80,000","Arlington, Texas, United States",06/22 12:00PM,Mon,697,"3,791","$1,050.00 ","$1,765.80 ","$3,344.75 ",587,"18,066","43,892",1,7,24,09/10 2:00PM,,0,"44,411"
15,3/7/2026,Iran vs New Zealand - World Cup - Group G,AXS,SoFi Stadium,"70,240","Inglewood, California, United States",06/15 6:00PM,Mon,989,"4,152",$264.60 ,$531.00 ,$880.00 ,568,"17,662","41,772",3,9,22,09/10 12:00PM,,0,"42,250"
48,3/7/2026,Colombia vs TBD - World Cup - Group K,N/A,Estadio Akron (Chivas Stadium),"49,800","Zapopan, Estado de Jalisco, Mexico",06/23 9:00PM,Tue,373,"1,986",$624.71 ,$943.00 ,"$1,383.73 ",572,"17,632","40,829",3,10,19,09/10 1:00PM,,0,"41,251"
40,3/7/2026,New Zealand vs Egypt - World Cup - Group G,N/A,BC Place Stadium,"54,500","Vancouver, British Columbia, Canada",06/21 6:00PM,Sun,479,"2,399",$285.00 ,$448.00 ,$899.57 ,551,"17,614","41,181",0,2,11,09/10 9:00AM,,0,"41,648"
3,3/7/2026,Canada vs TBD - World Cup - Group B,N/A,BMO Field,"30,000","Toronto, Ontario, Canada",06/12 3:00PM,Fri,438,"2,104","$1,295.79 ","$1,972.98 ","$2,890.95 ",562,"17,608","44,249",2,8,19,09/10 12:00PM,,0,"44,758"
6,3/7/2026,Australia vs TBD - World Cup - Group D,N/A,BC Place Stadium,"54,500","Vancouver, British Columbia, Canada",06/13 9:00PM,Sat,510,"2,374",$373.98 ,$569.98 ,"$1,117.80 ",571,"17,399","41,108",3,5,20,09/10 9:00AM,,0,"42,351"
37,3/7/2026,Uruguay vs Cabo Verde - World Cup - Group H,AXS,Hard Rock Stadium,"76,100","Miami, Florida, United States",06/21 6:00PM,Sun,876,"3,696",$303.52 ,$429.55 ,$675.00 ,562,"17,297","42,737",3,10,21,09/10 3:00PM,,0,"44,026"
59,3/7/2026,TBD vs United States - World Cup - Group D,AXS,SoFi Stadium,"70,240","Inglewood, California, United States",06/25 7:00PM,Thu,645,"3,035",$875.00 ,"$1,700.00 ","$2,783.00 ",600,"17,247","40,636",4,9,20,09/10 12:00PM,,0,"41,089"
20,3/7/2026,Austria vs Jordan - World Cup - Group J,AXS,Levi's Stadium,"75,000","Santa Clara, California, United States",06/16 9:00PM,Tue,781,"3,335",$218.96 ,$472.50 ,$727.50 ,561,"17,180","40,509",10,16,32,09/10 12:00PM,,0,"40,943"
16,3/7/2026,Belgium vs Egypt - World Cup - Group G,AXS,Lumen Field,"67,000","Seattle, Washington, United States",06/15 12:00PM,Mon,661,"2,927",$400.50 ,$656.71 ,$965.70 ,588,"17,043","41,188",5,13,32,09/10 12:00PM,,0,"41,641"
41,3/7/2026,Norway vs Senegal - World Cup - Group I,AXS,MetLife Stadium,"82,500","East Rutherford, New Jersey, United States",06/22 8:00PM,Mon,734,"3,292",$396.59 ,$674.84 ,"$1,034.56 ",599,"16,734","41,133",2,10,32,09/10 3:00PM,,0,"41,617"
65,3/7/2026,Cabo Verde vs Saudi Arabia - World Cup - Group H,AXS,NRG Stadium,"71,500","Houston, Texas, United States",06/26 7:00PM,Fri,873,"4,031",$158.23 ,$351.00 ,$945.00 ,553,"16,643","38,895",3,7,21,09/10 2:00PM,,0,"39,306"
9,3/7/2026,Côte d'Ivoire vs Ecuador - World Cup - Group E,AXS,Lincoln Financial Field,"69,176","Philadelphia, Pennsylvania, United States",06/14 7:00PM,Sun,682,"3,018",$522.00 ,$747.42 ,"$1,042.18 ",590,"16,541","39,931",5,18,37,09/10 3:00PM,,0,"40,412"
36,3/7/2026,Tunisia vs Japan - World Cup - Group F,N/A,Estadio BBVA Bancomer,"52,237","Monterrey, Nuevo Leon, Mexico",06/20 11:00PM,Sat,362,"1,781",$228.16 ,$375.00 ,$599.86 ,565,"16,445","39,052",6,21,43,09/10 1:00PM,,0,"39,533"
68,3/7/2026,Croatia vs Ghana - World Cup - Group L,AXS,Lincoln Financial Field,"69,176","Philadelphia, Pennsylvania, United States",06/27 5:00PM,Sat,737,"3,393",$426.88 ,$711.39 ,"$1,200.00 ",578,"16,375","40,816",7,19,40,09/10 3:00PM,,0,"42,026"
70,3/7/2026,Jordan vs Argentina - World Cup - Group J,AXS,AT&T Stadium,"80,000","Arlington, Texas, United States",06/27 9:00PM,Sat,697,"3,153",$675.00 ,"$1,200.00 ","$1,995.00 ",575,"16,322","39,546",3,11,31,09/10 2:00PM,,0,"39,943"
8,3/7/2026,Qatar vs Switzerland - World Cup - Group B,AXS,Levi's Stadium,"75,000","Santa Clara, California, United States",06/13 12:00PM,Sat,756,"3,273",$284.20 ,$527.25 ,$801.31 ,568,"16,305","41,503",12,26,47,09/10 12:00PM,,0,"42,744"
27,3/7/2026,Canada vs Qatar - World Cup - Group B,N/A,BC Place Stadium,"54,500","Vancouver, British Columbia, Canada",06/18 3:00PM,Thu,579,"2,814",$447.93 ,$830.75 ,"$1,166.13 ",553,"16,234","39,701",2,8,27,09/10 9:00AM,,0,"40,943"
10,3/7/2026,Germany vs Curaçao - World Cup - Group E,AXS,NRG Stadium,"71,500","Houston, Texas, United States",06/14 12:00PM,Sun,809,"3,552",$357.14 ,$650.00 ,$966.14 ,575,"16,085","41,269",4,13,32,09/10 2:00PM,,0,"42,521"
1,3/7/2026,Mexico vs South Africa - World Cup - Group A,N/A,Estadio Azteca (Estadio Banorte),"98,500","Ciudad de México, Estado de Mexico, Mexico",06/11 2:00PM,Thu,507,"3,209","$2,473.27 ","$4,413.00 ","$6,480.00 ",420,"15,943","39,887",1,3,9,09/10 1:00PM,,0,"40,323"
24,3/7/2026,Uzbekistan vs Colombia - World Cup - Group K,N/A,Estadio Azteca (Estadio Banorte),"98,500","Ciudad de México, Estado de Mexico, Mexico",06/17 9:00PM,Wed,448,"2,359",$585.33 ,$855.30 ,"$1,129.94 ",573,"15,807","39,481",6,21,44,09/10 1:00PM,,0,"40,753"
17,3/7/2026,France vs Senegal - World Cup - Group I,AXS,MetLife Stadium,"82,500","East Rutherford, New Jersey, United States",06/16 3:00PM,Tue,794,"3,570",$522.88 ,$937.33 ,"$1,387.77 ",652,"15,733","42,767",7,20,59,09/10 3:00PM,,0,"44,096"
34,3/7/2026,Ecuador vs Curaçao - World Cup - Group E,AXS,GEHA Field at Arrowhead Stadium,"76,416","Kansas City, Missouri, United States",06/20 7:00PM,Sat,697,"3,081",$286.36 ,$517.00 ,$750.28 ,524,"15,680","35,907",5,10,29,09/10 2:00PM,,0,"36,258"
60,3/7/2026,Paraguay vs Australia - World Cup - Group D,AXS,Levi's Stadium,"75,000","Santa Clara, California, United States",06/25 7:00PM,Thu,672,"3,057",$335.00 ,$616.06 ,"$1,174.50 ",541,"15,673","37,045",3,7,29,09/10 12:00PM,,0,"38,182"
39,3/7/2026,Belgium vs Iran - World Cup - Group G,AXS,SoFi Stadium,"70,240","Inglewood, California, United States",06/21 12:00PM,Sun,1070,"4,377",$261.20 ,$594.92 ,$990.21 ,530,"15,468","40,101",4,12,31,09/10 12:00PM,,0,"41,361"
33,3/7/2026,Germany vs Côte d'Ivoire - World Cup - Group E,N/A,BMO Field,"30,000","Toronto, Ontario, Canada",06/20 4:00PM,Sat,443,"2,411",$653.40 ,$930.51 ,"$1,270.80 ",622,"15,409","34,656",6,17,38,09/10 12:00PM,,0,"34,941"
51,3/7/2026,Switzerland vs Canada - World Cup - Group B,N/A,BC Place Stadium,"54,500","Vancouver, British Columbia, Canada",06/24 12:00PM,Wed,687,"3,174",$564.30 ,$855.00 ,"$1,258.54 ",577,"15,139","34,494",2,7,23,09/10 9:00AM,,0,"35,563"
19,3/7/2026,Argentina vs Algeria - World Cup - Group J,AXS,GEHA Field at Arrowhead Stadium,"76,416","Kansas City, Missouri, United States",06/16 8:00PM,Tue,819,"3,637",$695.04 ,"$1,120.52 ","$1,873.66 ",616,"15,001","31,931",4,9,38,09/10 2:00PM,,0,"32,215"
23,3/7/2026,Portugal vs TBD - World Cup - Group K,AXS,NRG Stadium,"71,500","Houston, Texas, United States",06/17 12:00PM,Wed,938,"4,156",$621.09 ,$925.00 ,"$1,517.48 ",626,"14,852","35,830",5,14,41,09/10 2:00PM,,0,"36,936"
42,3/7/2026,France vs TBD - World Cup - Group I,AXS,Lincoln Financial Field,"69,176","Philadelphia, Pennsylvania, United States",06/22 5:00PM,Mon,762,"3,281",$491.74 ,$700.00 ,"$1,000.00 ",577,"14,723","34,310",9,27,55,09/10 3:00PM,,0,"35,444"
35,3/7/2026,Netherlands vs TBA - World Cup - Group F,AXS,NRG Stadium,"71,500","Houston, Texas, United States",06/20 12:00PM,Sat,648,"3,018",$377.48 ,$712.40 ,"$1,059.35 ",512,"14,645","34,784",2,9,28,09/10 2:00PM,,0,"35,182"
5,3/7/2026,Haiti vs Scotland - World Cup - Group C,AXS,Gillette Stadium,"68,756","Foxborough, Massachusetts, United States",06/13 9:00PM,Sat,747,"3,171",$558.23 ,$824.86 ,"$1,198.28 ",526,"14,641","37,317",2,7,22,09/10 3:00PM,,0,"37,767"
28,3/7/2026,Mexico vs Korea Republic - World Cup - Group A,N/A,Estadio Akron (Chivas Stadium),"49,800","Zapopan, Estado de Jalisco, Mexico",06/18 8:00PM,Thu,418,"2,916","$1,481.22 ","$2,557.97 ","$4,033.00 ",585,"14,626","32,738",2,7,16,09/10 1:00PM,,0,"33,040"
56,3/7/2026,Ecuador vs Germany - World Cup - Group E,AXS,MetLife Stadium,"82,500","East Rutherford, New Jersey, United States",06/25 4:00PM,Thu,949,"4,691",$800.40 ,"$1,350.00 ","$2,430.00 ",610,"14,603","42,269",9,16,42,09/10 3:00PM,,0,"43,598"
29,3/7/2026,Brazil vs Haiti - World Cup - Group C,AXS,Lincoln Financial Field,"69,176","Philadelphia, Pennsylvania, United States",06/19 9:00PM,Fri,789,"3,758",$648.00 ,"$1,040.00 ","$1,471.47 ",590,"14,546","40,925",7,21,46,09/10 3:00PM,,0,"42,253"
12,3/7/2026,TBA vs Tunisia - World Cup - Group F,N/A,Estadio BBVA Bancomer,"52,237","Monterrey, Nuevo Leon, Mexico",06/14 9:00PM,Sun,412,"2,140",$195.70 ,$352.48 ,$702.69 ,540,"14,479","35,568",1,5,13,09/10 1:00PM,,0,"36,003"
47,3/7/2026,Portugal vs Uzbekistan - World Cup - Group K,AXS,NRG Stadium,"71,500","Houston, Texas, United States",06/23 12:00PM,Tue,925,"4,156",$417.64 ,$855.00 ,"$1,300.10 ",588,"14,422","32,327",3,15,42,09/10 2:00PM,,0,"32,599"
69,3/7/2026,Algeria vs Austria - World Cup - Group J,AXS,GEHA Field at Arrowhead Stadium,"76,416","Kansas City, Missouri, United States",06/27 9:00PM,Sat,611,"2,992",$277.78 ,$538.52 ,"$1,535.44 ",521,"14,420","35,802",1,4,13,09/10 2:00PM,,0,"36,931"
72,3/7/2026,TBD vs Uzbekistan - World Cup - Group K,AXS,Mercedes-Benz Stadium,"71,000","Atlanta, Georgia, United States",06/27 7:30PM,Sat,731,"3,350",$184.62 ,$439.72 ,$943.15 ,556,"14,323","33,597",1,6,17,09/10 3:00PM,,0,"33,909"
13,3/7/2026,Saudi Arabia vs Uruguay - World Cup - Group H,AXS,Hard Rock Stadium,"76,100","Miami, Florida, United States",06/15 6:00PM,Mon,890,"3,859",$256.50 ,$495.00 ,$754.38 ,580,"14,154","33,333",4,17,44,09/10 3:00PM,,0,"34,422"
32,3/7/2026,United States vs Australia - World Cup - Group D,AXS,Lumen Field,"67,000","Seattle, Washington, United States",06/19 12:00PM,Fri,667,"3,441",$990.00 ,"$1,822.01 ","$3,150.00 ",594,"13,875","31,130",3,7,16,09/10 12:00PM,,0,"31,425"
61,3/7/2026,Norway vs France - World Cup - Group I,AXS,Gillette Stadium,"68,756","Foxborough, Massachusetts, United States",06/26 3:00PM,Fri,857,"4,320",$755.32 ,"$1,215.86 ","$2,250.00 ",578,"13,857","32,651",6,17,34,09/10 3:00PM,,0,"33,698"
14,3/7/2026,Spain vs Cabo Verde - World Cup - Group H,AXS,Mercedes-Benz Stadium,"71,000","Atlanta, Georgia, United States",06/15 12:00PM,Mon,826,"3,610",$317.00 ,$600.00 ,$920.55 ,628,"13,494","38,103",7,14,38,09/10 3:00PM,,0,"39,385"
21,3/7/2026,Ghana vs Panama - World Cup - Group L,N/A,BMO Field,"30,000","Toronto, Ontario, Canada",06/17 7:00PM,Wed,453,"2,230",$388.88 ,$610.72 ,$921.56 ,566,"13,357","29,611",6,12,26,09/10 12:00PM,,0,"29,838"
44,3/7/2026,Jordan vs Algeria - World Cup - Group J,AXS,Levi's Stadium,"75,000","Santa Clara, California, United States",06/22 8:00PM,Mon,787,"3,359",$180.00 ,$418.07 ,$685.00 ,544,"13,324","35,437",2,9,23,09/10 12:00PM,,0,"35,890"
55,3/7/2026,Curaçao vs Côte d'Ivoire - World Cup - Group E,AXS,Lincoln Financial Field,"69,176","Philadelphia, Pennsylvania, United States",06/25 4:00PM,Thu,674,"3,032",$219.70 ,$408.38 ,$849.82 ,594,"13,299","31,207",1,5,24,09/10 3:00PM,,0,"32,257"
63,3/7/2026,Egypt vs Iran - World Cup - Group G,AXS,Lumen Field,"67,000","Seattle, Washington, United States",06/26 8:00PM,Fri,743,"3,457",$247.00 ,$458.93 ,$914.40 ,567,"13,057","35,286",1,6,17,09/10 12:00PM,,0,"35,710"
18,3/7/2026,TBD vs Norway - World Cup - Group I,AXS,Gillette Stadium,"68,756","Foxborough, Massachusetts, United States",06/16 6:00PM,Tue,665,"3,113",$446.67 ,$675.00 ,"$1,059.58 ",599,"13,026","35,590",3,8,21,09/10 3:00PM,,0,"36,044"
38,3/7/2026,Spain vs Saudi Arabia - World Cup - Group H,AXS,Mercedes-Benz Stadium,"71,000","Atlanta, Georgia, United States",06/21 12:00PM,Sun,737,"3,555",$384.26 ,$704.29 ,"$1,160.00 ",579,"12,931","28,824",6,20,60,09/10 3:00PM,,0,"29,875"
76,3/7/2026,1C vs 2F - World Cup - Round of 32,AXS,NRG Stadium,"71,500","Houston, Texas, United States",06/29 12:00PM,Mon,788,"3,675",$629.82 ,$995.96 ,"$1,746.68 ",482,"12,389","33,540",0,3,9,09/10 2:00PM,,0,"34,570"
103,3/10/2026,L101 vs L102 - World Cup - 3rd Place ,,Hard Rock Stadium,"76,100","Miami, Florida, United States",07/18 5:00PM,Sat,786,3506,$899.10 ,"$1,347.39 ","$2,271.43 ",1295,57839,145759,1,3,10,09/10 3:00PM,,0,147204
104,3/10/2026,W101 vs W102 - World Cup - Final ,,MetLife Stadium,"82,500","East Rutherford, New Jersey, United States",07/19 3:00PM,Sun,538,2423,"$6,854.40 ","$11,786.20 ","$15,888.60 ",1243,49073,123340,2,5,11,09/10 3:00PM,,0,124433
98,3/10/2026,W93 vs W94 - World Cup - Quarter-Finals ,,SoFi Stadium,"70,240","Inglewood, California, United States",07/10 12:00PM,Fri,813,3710,"$1,280.37 ","$2,183.40 ","$3,310.47 ",1194,46200,116303,2,6,17,09/10 12:00PM,,0,117338
101,3/10/2026,W97 vs W98 - World Cup - Semi Finals ,,AT&T Stadium,"80,000","Arlington, Texas, United States",07/14 2:00PM,Tue,723,3469,"$1,840.50 ","$3,153.35 ","$5,251.42 ",1188,46180,116208,1,3,5,09/10 2:00PM,,0,117236
99,3/10/2026,W91 vs W92 - World Cup - Quarter-Finals ,,Hard Rock Stadium,"76,100","Miami, Florida, United States",07/11 5:00PM,Sat,742,3419,"$1,500.00 ","$2,282.84 ","$3,352.36 ",1216,46012,115958,1,3,13,09/10 3:00PM,,0,116989
102,3/10/2026,W99 vs W100 - World Cup - Semi Finals ,,Mercedes-Benz Stadium,"71,000","Atlanta, Georgia, United States",07/15 3:00PM,Wed,759,3524,"$1,743.32 ","$3,173.00 ","$5,060.00 ",1127,44815,113968,1,11,19,09/10 3:00PM,,0,115013
100,3/10/2026,W95 vs W96 - World Cup - Quarter-Finals ,,GEHA Field at Arrowhead Stadium,"76,416","Kansas City, Missouri, United States",07/11 8:00PM,Sat,659,3076,"$1,273.02 ","$2,360.60 ","$3,288.75 ",1146,44574,112898,0,2,4,09/10 2:00PM,,0,113909
89,3/10/2026,W74 vs W77 - World Cup - Round of 16 ,,Lincoln Financial Field,"69,176","Philadelphia, Pennsylvania, United States",07/04 5:00PM,Sat,732,3370,$846.53 ,"$1,600.56 ","$2,517.93 ",755,28558,71383,2,6,14,09/10 3:00PM,,0,72012
91,3/10/2026,W76 vs W78 - World Cup - Round of 16 ,,MetLife Stadium,"82,500","East Rutherford, New Jersey, United States",07/05 4:00PM,Sun,789,3588,$881.05 ,"$1,530.00 ","$2,326.70 ",738,28552,71394,2,4,14,09/10 3:00PM,,0,72026
86,3/10/2026,1J vs 2H - World Cup - Round of 32 ,,Hard Rock Stadium,"76,100","Miami, Florida, United States",07/03 6:00PM,Fri,774,4104,"$1,439.48 ","$2,250.00 ","$3,978.00 ",731,28491,71252,0,4,8,09/10 3:00PM,,0,71854
90,3/10/2026,W73 vs W75 - World Cup - Round of 16 ,,NRG Stadium,"71,500","Houston, Texas, United States",07/04 12:00PM,Sat,874,4025,$679.00 ,"$1,314.74 ","$2,384.07 ",749,28304,71044,3,10,16,09/10 2:00PM,,0,71647
88,3/10/2026,2D vs 2G - World Cup - Round of 32 ,,AT&T Stadium,"80,000","Arlington, Texas, United States",07/03 1:00PM,Fri,762,3484,$514.73 ,$862.08 ,"$1,324.19 ",750,28246,70462,2,5,13,09/10 2:00PM,,0,71066
93,3/10/2026,W83 vs W84 - World Cup - Round of 16 ,,AT&T Stadium,"80,000","Arlington, Texas, United States",07/06 2:00PM,Mon,801,3645,$783.05 ,"$1,412.77 ","$2,134.08 ",746,28236,70446,4,8,12,09/10 2:00PM,,0,71029
96,3/10/2026,W85 vs W87 - World Cup - Round of 16 ,,BC Place Stadium,"54,500","Vancouver, British Columbia, Canada",07/07 1:00PM,Tue,677,3141,$865.80 ,"$1,635.00 ","$2,526.59 ",740,28219,70701,1,3,9,09/10 9:00AM,,0,71313
7,3/10/2026,Brazil vs Morocco - World Cup - Group C ,,MetLife Stadium,"82,500","East Rutherford, New Jersey, United States",06/13 6:00PM,Sat,940,4597,$849.07 ,"$1,556.23 ","$2,340.86 ",584,27245,76681,4,20,53,09/10 3:00PM,,0,77419
95,3/10/2026,W86 vs W88 - World Cup - Round of 16 ,,Mercedes-Benz Stadium,"71,000","Atlanta, Georgia, United States",07/07 12:00PM,Tue,855,3946,$753.20 ,"$1,318.42 ","$2,500.00 ",696,26826,67588,2,7,17,09/10 3:00PM,,0,68186
85,3/10/2026,1B vs 3E/F/G/I/J - World Cup - Round of 32 ,,BC Place Stadium,"54,500","Vancouver, British Columbia, Canada",07/02 8:00PM,Thu,616,3042,$588.00 ,"$1,036.88 ","$1,715.89 ",690,26748,67234,2,3,8,09/10 9:00AM,,0,67820
87,3/10/2026,1K vs 3D/E/I/J/L - World Cup - Round of 32 ,,GEHA Field at Arrowhead Stadium,"76,416","Kansas City, Missouri, United States",07/03 8:30PM,Fri,894,4054,$570.36 ,$900.00 ,"$1,705.10 ",678,26714,67205,3,9,27,09/10 2:00PM,,0,67802
94,3/10/2026,W81 vs W82 - World Cup - Round of 16 ,,Lumen Field,"67,000","Seattle, Washington, United States",07/06 5:00PM,Mon,749,3507,$783.05 ,"$1,433.14 ","$2,250.00 ",706,26610,67204,1,4,14,09/10 12:00PM,,0,67790
92,3/10/2026,W79 vs W80 - World Cup - Round of 16 ,,Estadio Azteca (Estadio Banorte),"98,500","Ciudad de México, Estado de Mexico, Mexico",07/05 7:00PM,Sun,417,2168,$836.29 ,"$1,319.50 ","$2,025.00 ",692,26532,67076,1,5,19,09/10 1:00PM,,0,67671
4,3/10/2026,United States vs Paraguay - World Cup - Group D ,,SoFi Stadium,"70,240","Inglewood, California, United States",06/12 6:00PM,Fri,793,3310,"$1,140.00 ","$2,012.15 ","$2,900.71 ",525,23901,68578,3,7,28,09/10 12:00PM,,1,69258
71,3/10/2026,Colombia vs Portugal - World Cup - Group K ,,Hard Rock Stadium,"76,100","Miami, Florida, United States",06/27 7:30PM,Sat,1020,5796,"$1,553.31 ","$3,060.00 ","$6,230.00 ",495,23824,67620,3,17,55,09/10 3:00PM,,0,68282
23,3/10/2026,Portugal vs TBD - World Cup - Group K ,,NRG Stadium,"71,500","Houston, Texas, United States",06/17 12:00PM,Wed,956,4221,$562.12 ,$921.50 ,"$1,493.08 ",420,22007,62951,5,15,37,09/10 2:00PM,,0,63562
33,3/10/2026,Germany vs Côte d'Ivoire - World Cup - Group E ,,BMO Field,"30,000","Toronto, Ontario, Canada",06/20 4:00PM,Sat,463,2492,$609.83 ,$934.92 ,"$1,238.03 ",422,21784,63094,2,12,36,09/10 12:00PM,,0,63702
17,3/10/2026,France vs Senegal - World Cup - Group I ,,MetLife Stadium,"82,500","East Rutherford, New Jersey, United States",06/16 3:00PM,Tue,813,3660,$517.50 ,$944.40 ,"$1,369.80 ",450,21655,62590,3,16,46,09/10 3:00PM,,0,63219
32,3/10/2026,United States vs Australia - World Cup - Group D ,,Lumen Field,"67,000","Seattle, Washington, United States",06/19 12:00PM,Fri,679,3487,"$1,116.25 ","$1,818.56 ","$3,078.25 ",450,21438,60656,1,11,21,09/10 12:00PM,,0,61260
46,3/10/2026,Panama vs Croatia - World Cup - Group L ,,BMO Field,"30,000","Toronto, Ontario, Canada",06/23 7:00PM,Tue,561,2466,$455.00 ,$608.40 ,$949.97 ,409,21053,61299,4,17,45,09/10 12:00PM,,0,61876
43,3/10/2026,Argentina vs Austria - World Cup - Group J ,,AT&T Stadium,"80,000","Arlington, Texas, United States",06/22 12:00PM,Mon,723,3879,$989.39 ,"$1,733.96 ","$3,202.31 ",434,20990,60128,3,11,25,09/10 2:00PM,,0,60702
51,3/10/2026,Switzerland vs Canada - World Cup - Group B ,,BC Place Stadium,"54,500","Vancouver, British Columbia, Canada",06/24 12:00PM,Wed,698,3196,$346.50 ,$855.00 ,"$1,216.15 ",407,20784,60331,3,12,24,09/10 9:00AM,,0,60889
16,3/10/2026,Belgium vs Egypt - World Cup - Group G ,,Lumen Field,"67,000","Seattle, Washington, United States",06/15 12:00PM,Mon,673,2948,$360.46 ,$640.64 ,$950.00 ,421,20751,60270,5,17,33,09/10 12:00PM,,0,60857
61,3/10/2026,Norway vs France - World Cup - Group I ,,Gillette Stadium,"68,756","Foxborough, Massachusetts, United States",06/26 3:00PM,Fri,871,4348,$700.39 ,"$1,199.53 ","$2,156.00 ",431,20597,59263,3,10,34,09/10 3:00PM,,0,59816
41,3/10/2026,Norway vs Senegal - World Cup - Group I ,,MetLife Stadium,"82,500","East Rutherford, New Jersey, United States",06/22 8:00PM,Mon,756,3343,$371.24 ,$642.79 ,$981.16 ,416,20505,59158,3,11,29,09/10 3:00PM,,0,59735
68,3/10/2026,Croatia vs Ghana - World Cup - Group L ,,Lincoln Financial Field,"69,176","Philadelphia, Pennsylvania, United States",06/27 5:00PM,Sat,737,3395,$386.56 ,$694.64 ,"$1,200.00 ",410,20371,58488,9,19,48,09/10 3:00PM,,0,59056
19,3/10/2026,Argentina vs Algeria - World Cup - Group J ,,GEHA Field at Arrowhead Stadium,"76,416","Kansas City, Missouri, United States",06/16 8:00PM,Tue,834,3688,$681.39 ,"$1,100.00 ","$1,849.00 ",406,20307,59805,3,12,32,09/10 2:00PM,,0,60393
20,3/10/2026,Austria vs Jordan - World Cup - Group J ,,Levi's Stadium,"75,000","Santa Clara, California, United States",06/16 9:00PM,Tue,783,3345,$184.00 ,$456.45 ,$700.00 ,406,20132,58360,0,7,27,09/10 12:00PM,,0,58914
28,3/10/2026,Mexico vs Korea Republic - World Cup - Group A ,,Estadio Akron (Chivas Stadium),"49,800","Zapopan, Estado de Jalisco, Mexico",06/18 8:00PM,Thu,431,2967,"$1,364.88 ","$2,486.38 ","$3,870.16 ",388,20076,58325,5,10,23,09/10 1:00PM,,0,58898
63,3/10/2026,Egypt vs Iran - World Cup - Group G ,,Lumen Field,"67,000","Seattle, Washington, United States",06/26 8:00PM,Fri,756,3493,$216.00 ,$462.90 ,$900.00 ,397,19967,57765,2,6,14,09/10 12:00PM,,0,58295
21,3/10/2026,Ghana vs Panama - World Cup - Group L ,,BMO Field,"30,000","Toronto, Ontario, Canada",06/17 7:00PM,Wed,457,2248,$369.22 ,$599.58 ,$881.28 ,373,19921,57730,3,9,27,09/10 12:00PM,,0,58262
37,3/10/2026,Uruguay vs Cabo Verde - World Cup - Group H ,,Hard Rock Stadium,"76,100","Miami, Florida, United States",06/21 6:00PM,Sun,872,3684,$301.76 ,$422.85 ,$674.01 ,394,19917,57999,3,11,24,09/10 3:00PM,,0,58580
18,3/10/2026,TBD vs Norway - World Cup - Group I ,,Gillette Stadium,"68,756","Foxborough, Massachusetts, United States",06/16 6:00PM,Tue,662,3111,$396.00 ,$660.00 ,"$1,040.00 ",406,19912,57820,2,8,18,09/10 3:00PM,,0,58362
48,3/10/2026,Colombia vs TBD - World Cup - Group K ,,Estadio Akron (Chivas Stadium),"49,800","Zapopan, Estado de Jalisco, Mexico",06/23 9:00PM,Tue,390,2040,$622.02 ,$900.00 ,"$1,336.87 ",375,19892,57815,3,5,16,09/10 1:00PM,,0,58361
42,3/10/2026,France vs TBD - World Cup - Group I ,,Lincoln Financial Field,"69,176","Philadelphia, Pennsylvania, United States",06/22 5:00PM,Mon,785,3348,$438.26 ,$699.51 ,$994.74 ,397,19850,57382,5,20,57,09/10 3:00PM,,0,57938
3,3/10/2026,Canada vs TBD - World Cup - Group B ,,BMO Field,"30,000","Toronto, Ontario, Canada",06/12 3:00PM,Fri,446,2122,"$1,291.66 ","$1,962.36 ","$2,812.55 ",374,19780,57580,1,6,14,09/10 12:00PM,,0,58155
65,3/10/2026,Cabo Verde vs Saudi Arabia - World Cup - Group H ,,NRG Stadium,"71,500","Houston, Texas, United States",06/26 7:00PM,Fri,881,4037,$153.63 ,$355.00 ,$926.93 ,412,19676,57018,3,7,17,09/10 2:00PM,,0,57555
11,3/10/2026,Netherlands vs Japan - World Cup - Group F ,,AT&T Stadium,"80,000","Arlington, Texas, United States",06/14 3:00PM,Sun,582,2637,$570.31 ,$945.59 ,"$1,369.06 ",374,19393,58296,5,18,47,09/10 2:00PM,,0,58924
39,3/10/2026,Belgium vs Iran - World Cup - Group G ,,SoFi Stadium,"70,240","Inglewood, California, United States",06/21 12:00PM,Sun,1069,4373,$255.77 ,$583.13 ,$956.46 ,404,19386,56139,3,18,36,09/10 12:00PM,,0,56656
44,3/10/2026,Jordan vs Algeria - World Cup - Group J ,,Levi's Stadium,"75,000","Santa Clara, California, United States",06/22 8:00PM,Mon,798,3392,$180.00 ,$411.75 ,$683.80 ,375,19274,55615,2,8,19,09/10 12:00PM,,0,56164
36,3/10/2026,Tunisia vs Japan - World Cup - Group F ,,Estadio BBVA Bancomer,"52,237","Monterrey, Nuevo Leon, Mexico",06/20 11:00PM,Sat,373,1808,$225.31 ,$375.00 ,$583.16 ,368,19076,55457,5,11,38,09/10 1:00PM,,0,55997
9,3/10/2026,Côte d'Ivoire vs Ecuador - World Cup - Group E ,,Lincoln Financial Field,"69,176","Philadelphia, Pennsylvania, United States",06/14 7:00PM,Sun,690,3039,$442.33 ,$740.91 ,"$1,002.46 ",369,18940,56028,3,17,39,09/10 3:00PM,,0,56600
8,3/10/2026,Qatar vs Switzerland - World Cup - Group B ,,Levi's Stadium,"75,000","Santa Clara, California, United States",06/13 12:00PM,Sat,763,3301,$284.69 ,$505.00 ,$799.00 ,390,18861,56199,4,21,57,09/10 12:00PM,,0,56778
57,3/10/2026,Japan vs TBD - World Cup - Group F ,,AT&T Stadium,"80,000","Arlington, Texas, United States",06/25 6:00PM,Thu,565,2656,$449.80 ,$680.00 ,"$1,080.00 ",352,17903,53310,4,7,16,09/10 2:00PM,,0,53833
38,3/10/2026,Spain vs Saudi Arabia - World Cup - Group H ,,Mercedes-Benz Stadium,"71,000","Atlanta, Georgia, United States",06/21 12:00PM,Sun,735,3519,$384.26 ,$704.30 ,"$1,128.60 ",332,17903,53413,4,21,54,09/10 3:00PM,,0,53945
50,3/10/2026,Morocco vs Haiti - World Cup - Group C ,,Mercedes-Benz Stadium,"71,000","Atlanta, Georgia, United States",06/24 6:00PM,Wed,915,3910,$232.33 ,$479.83 ,$750.00 ,335,17868,53680,4,15,33,09/10 3:00PM,,0,54215
27,3/10/2026,Canada vs Qatar - World Cup - Group B ,,BC Place Stadium,"54,500","Vancouver, British Columbia, Canada",06/18 3:00PM,Thu,581,2798,$396.00 ,$823.18 ,"$1,153.86 ",313,17854,53267,4,16,30,09/10 9:00AM,,0,53787
24,3/10/2026,Uzbekistan vs Colombia - World Cup - Group K ,,Estadio Azteca (Estadio Banorte),"98,500","Ciudad de México, Estado de Mexico, Mexico",06/17 9:00PM,Wed,454,2356,$573.11 ,$801.91 ,"$1,080.77 ",337,17792,53016,2,22,55,09/10 1:00PM,,0,53527
6,3/10/2026,Australia vs TBD - World Cup - Group D ,,BC Place Stadium,"54,500","Vancouver, British Columbia, Canada",06/13 9:00PM,Sat,514,2410,$361.56 ,$565.05 ,"$1,117.80 ",330,17701,53304,2,4,14,09/10 9:00AM,,0,53843
1,3/10/2026,Mexico vs South Africa - World Cup - Group A ,,Estadio Azteca (Estadio Banorte),"98,500","Ciudad de México, Estado de Mexico, Mexico",06/11 2:00PM,Thu,514,3235,"$2,435.40 ","$4,265.50 ","$6,480.00 ",460,17683,45255,3,7,11,09/10 1:00PM,,0,45720
60,3/10/2026,Paraguay vs Australia - World Cup - Group D ,,Levi's Stadium,"75,000","Santa Clara, California, United States",06/25 7:00PM,Thu,683,3095,$335.00 ,$607.49 ,"$1,169.10 ",334,17663,52824,4,8,17,09/10 12:00PM,,0,53338
5,3/10/2026,Haiti vs Scotland - World Cup - Group C ,,Gillette Stadium,"68,756","Foxborough, Massachusetts, United States",06/13 9:00PM,Sat,743,3188,$558.23 ,$810.00 ,"$1,206.49 ",353,17645,52749,3,4,14,09/10 3:00PM,,0,53264
49,3/10/2026,Scotland vs Brazil - World Cup - Group C ,,Hard Rock Stadium,"76,100","Miami, Florida, United States",06/24 6:00PM,Wed,809,4271,"$1,096.38 ","$1,848.00 ","$3,285.00 ",380,17639,52156,5,16,33,09/10 3:00PM,,0,52670
72,3/10/2026,TBD vs Uzbekistan - World Cup - Group K ,,Mercedes-Benz Stadium,"71,000","Atlanta, Georgia, United States",06/27 7:30PM,Sat,740,3381,$200.00 ,$439.43 ,$894.60 ,342,17558,52252,2,7,17,09/10 3:00PM,,0,52757
58,3/10/2026,Tunisia vs Netherlands - World Cup - Group F ,,GEHA Field at Arrowhead Stadium,"76,416","Kansas City, Missouri, United States",06/25 6:00PM,Thu,628,2946,$333.27 ,$565.33 ,"$1,181.82 ",345,17552,52901,1,7,19,09/10 2:00PM,,0,53437
69,3/10/2026,Algeria vs Austria - World Cup - Group J ,,GEHA Field at Arrowhead Stadium,"76,416","Kansas City, Missouri, United States",06/27 9:00PM,Sat,617,3002,$274.50 ,$538.02 ,"$1,465.97 ",323,17490,52264,0,5,12,09/10 2:00PM,,0,52774
12,3/10/2026,TBA vs Tunisia - World Cup - Group F ,,Estadio BBVA Bancomer,"52,237","Monterrey, Nuevo Leon, Mexico",06/14 9:00PM,Sun,420,2158,$189.00 ,$352.07 ,$686.83 ,305,17315,51638,4,6,13,09/10 1:00PM,,0,52149
45,3/10/2026,England vs Ghana - World Cup - Group L ,,Gillette Stadium,"68,756","Foxborough, Massachusetts, United States",06/23 4:00PM,Tue,624,2887,$585.00 ,$975.55 ,"$1,628.79 ",336,17289,50899,4,7,29,09/10 3:00PM,,0,51414
34,3/10/2026,Ecuador vs Curaçao - World Cup - Group E ,,GEHA Field at Arrowhead Stadium,"76,416","Kansas City, Missouri, United States",06/20 7:00PM,Sat,686,3049,$298.30 ,$526.33 ,$758.28 ,326,17196,51776,4,11,26,09/10 2:00PM,,0,52291
31,3/10/2026,TBD vs Paraguay - World Cup - Group D ,,Levi's Stadium,"75,000","Santa Clara, California, United States",06/19 9:00PM,Fri,657,3022,$241.96 ,$540.00 ,$926.10 ,321,16891,50762,5,11,23,09/10 12:00PM,,0,51266
56,3/10/2026,Ecuador vs Germany - World Cup - Group E ,,MetLife Stadium,"82,500","East Rutherford, New Jersey, United States",06/25 4:00PM,Thu,966,4721,$800.40 ,"$1,334.47 ","$2,389.50 ",468,16512,56982,6,22,48,09/10 3:00PM,,0,57600
76,3/10/2026,1C vs 2F - World Cup - Round of 32 ,,NRG Stadium,"71,500","Houston, Texas, United States",06/29 12:00PM,Mon,801,3724,$608.69 ,$976.39 ,"$1,710.21 ",329,15830,37503,1,7,14,09/10 2:00PM,,0,37960
47,3/10/2026,Portugal vs Uzbekistan - World Cup - Group K ,,NRG Stadium,"71,500","Houston, Texas, United States",06/23 12:00PM,Tue,950,4239,$552.00 ,$850.00 ,"$1,276.00 ",429,15822,55062,4,15,35,09/10 2:00PM,,0,55665
22,3/10/2026,England vs Croatia - World Cup - Group L ,,AT&T Stadium,"80,000","Arlington, Texas, United States",06/17 3:00PM,Wed,748,3954,$881.05 ,"$1,608.45 ","$2,601.01 ",357,15569,46510,2,10,32,09/10 2:00PM,,0,46784
29,3/10/2026,Brazil vs Haiti - World Cup - Group C ,,Lincoln Financial Field,"69,176","Philadelphia, Pennsylvania, United States",06/19 9:00PM,Fri,787,3761,$648.00 ,"$1,028.98 ","$1,476.55 ",431,15472,54180,3,8,31,09/10 3:00PM,,0,54791
2,3/10/2026,Korea Republic vs TBD - World Cup - Group A ,,Estadio Akron (Chivas Stadium),"49,800","Zapopan, Estado de Jalisco, Mexico",06/11 9:00PM,Thu,395,2042,$335.59 ,$598.53 ,"$1,020.15 ",429,15415,37750,3,4,11,09/10 1:00PM,,0,38068
67,3/10/2026,Panama vs England - World Cup - Group L ,,MetLife Stadium,"82,500","East Rutherford, New Jersey, United States",06/27 5:00PM,Sat,947,4725,$600.00 ,"$1,175.07 ","$1,837.00 ",360,15263,49305,5,15,42,09/10 3:00PM,,0,49778
13,3/10/2026,Saudi Arabia vs Uruguay - World Cup - Group H ,,Hard Rock Stadium,"76,100","Miami, Florida, United States",06/15 6:00PM,Mon,884,3845,$309.66 ,$500.00 ,$735.00 ,402,15104,53312,4,17,40,09/10 3:00PM,,0,53882
59,3/10/2026,TBD vs United States - World Cup - Group D ,,SoFi Stadium,"70,240","Inglewood, California, United States",06/25 7:00PM,Thu,666,3100,$866.36 ,"$1,603.42 ","$2,700.00 ",439,15096,52846,3,6,18,09/10 12:00PM,,0,53391
15,3/10/2026,Iran vs New Zealand - World Cup - Group G ,,SoFi Stadium,"70,240","Inglewood, California, United States",06/15 6:00PM,Mon,989,4160,$263.12 ,$530.00 ,$880.00 ,421,15086,52863,4,9,21,09/10 12:00PM,,0,53420
66,3/10/2026,Uruguay vs Spain - World Cup - Group H ,,Estadio Akron (Chivas Stadium),"49,800","Zapopan, Estado de Jalisco, Mexico",06/26 7:00PM,Fri,512,2695,$846.50 ,"$1,385.14 ","$2,430.50 ",409,15085,37092,1,13,25,09/10 1:00PM,,0,37396
70,3/10/2026,Jordan vs Argentina - World Cup - Group J ,,AT&T Stadium,"80,000","Arlington, Texas, United States",06/27 9:00PM,Sat,713,3221,$762.97 ,"$1,192.50 ","$1,925.13 ",433,15057,53225,0,13,28,09/10 2:00PM,,0,53786
40,3/10/2026,New Zealand vs Egypt - World Cup - Group G ,,BC Place Stadium,"54,500","Vancouver, British Columbia, Canada",06/21 6:00PM,Sun,488,2437,$285.00 ,$430.86 ,$815.65 ,371,14999,52241,2,6,9,09/10 9:00AM,,0,52775
52,3/10/2026,TBD vs Qatar - World Cup - Group B ,,Lumen Field,"67,000","Seattle, Washington, United States",06/24 12:00PM,Wed,588,2753,$314.99 ,$592.69 ,"$1,205.19 ",325,14779,33907,1,7,15,09/10 12:00PM,,0,34093
55,3/10/2026,Curaçao vs Côte d'Ivoire - World Cup - Group E ,,Lincoln Financial Field,"69,176","Philadelphia, Pennsylvania, United States",06/25 4:00PM,Thu,690,3078,$237.00 ,$400.00 ,$799.14 ,392,14615,51592,1,7,17,09/10 3:00PM,,0,52151
62,3/10/2026,Senegal vs TBD - World Cup - Group I ,,BMO Field,"30,000","Toronto, Ontario, Canada",06/26 3:00PM,Fri,413,1984,$394.07 ,$588.00 ,$805.00 ,393,14560,35697,0,2,6,09/10 12:00PM,,0,35975
64,3/10/2026,New Zealand vs Belgium - World Cup - Group G ,,BC Place Stadium,"54,500","Vancouver, British Columbia, Canada",06/26 8:00PM,Fri,550,2666,$279.46 ,$516.87 ,$998.68 ,394,14427,35436,4,13,25,09/10 9:00AM,,0,35739
54,3/10/2026,South Africa vs Korea Republic - World Cup - Group A ,,Estadio BBVA Bancomer,"52,237","Monterrey, Nuevo Leon, Mexico",06/24 8:00PM,Wed,353,1781,$180.24 ,$323.84 ,$576.00 ,381,14395,35256,1,5,9,09/10 1:00PM,,0,35525
14,3/10/2026,Spain vs Cabo Verde - World Cup - Group H ,,Mercedes-Benz Stadium,"71,000","Atlanta, Georgia, United States",06/15 12:00PM,Mon,834,3660,$357.90 ,$603.96 ,$900.00 ,408,14389,52150,7,28,45,09/10 3:00PM,,0,52736
26,3/10/2026,Switzerland vs TBD - World Cup - Group B ,,SoFi Stadium,"70,240","Inglewood, California, United States",06/18 12:00PM,Thu,734,3397,$421.23 ,$717.35 ,"$1,214.23 ",316,14283,31578,0,2,19,09/10 12:00PM,,0,31770
30,3/10/2026,Scotland vs Morocco - World Cup - Group C ,,Gillette Stadium,"68,756","Foxborough, Massachusetts, United States",06/19 6:00PM,Fri,723,3397,$568.66 ,$900.00 ,"$1,335.60 ",334,13723,41037,5,10,16,09/10 3:00PM,,0,41292
10,3/10/2026,Germany vs Curaçao - World Cup - Group E ,,NRG Stadium,"71,500","Houston, Texas, United States",06/14 12:00PM,Sun,814,3565,$360.97 ,$639.16 ,$957.08 ,376,13715,49889,5,19,41,09/10 2:00PM,,0,50437
53,3/10/2026,TBD vs Mexico - World Cup - Group A ,,Estadio Azteca (Estadio Banorte),"98,500","Ciudad de México, Estado de Mexico, Mexico",06/24 8:00PM,Wed,391,2420,"$1,320.12 ","$2,156.00 ","$4,500.00 ",332,12635,32048,3,4,16,09/10 1:00PM,,0,32322
35,3/10/2026,Netherlands vs TBA - World Cup - Group F ,,NRG Stadium,"71,500","Houston, Texas, United States",06/20 12:00PM,Sat,649,3024,$377.48 ,$708.77 ,"$1,057.50 ",319,11757,45212,0,4,23,09/10 2:00PM,,0,45724
83,3/10/2026,2K vs 2L - World Cup - Round of 32 ,,BMO Field,"30,000","Toronto, Ontario, Canada",07/02 7:00PM,Thu,421,2091,$972.61 ,"$1,427.05 ","$2,389.50 ",316,11690,28189,1,5,13,09/10 12:00PM,,0,28387
25,3/10/2026,TBD vs South Africa - World Cup - Group A ,,Mercedes-Benz Stadium,"71,000","Atlanta, Georgia, United States",06/18 12:00PM,Thu,650,3061,$246.56 ,$490.59 ,$809.55 ,316,11646,44848,2,7,26,09/10 3:00PM,,0,45333
73,3/10/2026,2A vs 2B - World Cup - Round of 32 ,,SoFi Stadium,"70,240","Inglewood, California, United States",06/28 12:00PM,Sun,849,3882,$619.24 ,"$1,039.57 ","$1,743.20 ",322,11166,42735,1,7,23,09/10 12:00PM,,0,43191
84,3/10/2026,1H vs 2J - World Cup - Round of 32 ,,SoFi Stadium,"70,240","Inglewood, California, United States",07/02 12:00PM,Thu,839,3695,$698.54 ,"$1,169.10 ","$1,797.92 ",299,10983,26365,3,13,22,09/10 12:00PM,,0,26568
97,3/10/2026,W89 vs W90 - World Cup - Quarter-Finals ,,Gillette Stadium,"68,756","Foxborough, Massachusetts, United States",07/09 4:00PM,Thu,690,3290,"$1,042.75 ","$1,820.90 ","$2,792.62 ",330,10828,26275,3,7,12,09/10 3:00PM,,0,26459
75,3/10/2026,1F vs 2C - World Cup - Round of 32 ,,Estadio BBVA Bancomer,"52,237","Monterrey, Nuevo Leon, Mexico",06/29 8:00PM,Mon,410,2083,$485.00 ,$737.66 ,"$1,176.00 ",295,10786,26003,1,4,15,09/10 1:00PM,,0,26205
78,3/10/2026,2E vs 2I - World Cup - Round of 32 ,,AT&T Stadium,"80,000","Arlington, Texas, United States",06/30 12:00PM,Tue,817,3731,$452.77 ,$840.00 ,"$1,452.53 ",307,10701,25821,1,8,13,09/10 2:00PM,,0,26015
81,3/10/2026,1D vs 3B/E/F/I/J - World Cup - Round of 32 ,,Levi's Stadium,"75,000","Santa Clara, California, United States",07/01 5:00PM,Wed,933,4167,$625.00 ,"$1,035.00 ","$1,800.00 ",256,9568,23178,1,10,19,09/10 12:00PM,,0,23364
80,3/10/2026,1L vs 3E/H/I/J/K - World Cup - Round of 32 ,,Mercedes-Benz Stadium,"71,000","Atlanta, Georgia, United States",07/01 12:00PM,Wed,789,3634,$506.60 ,$890.89 ,"$1,623.59 ",272,9380,22793,1,3,18,09/10 3:00PM,,0,22966
79,3/10/2026,1A vs 3C/E/F/H/I - World Cup - Round of 32 ,,Estadio Azteca (Estadio Banorte),"98,500","Ciudad de México, Estado de Mexico, Mexico",06/30 8:00PM,Tue,370,2064,$672.10 ,"$1,042.08 ","$1,547.73 ",264,9375,22605,1,7,14,09/10 1:00PM,,0,22784
77,3/10/2026,1I vs 3C/D/F/G/H - World Cup - Round of 32 ,,MetLife Stadium,"82,500","East Rutherford, New Jersey, United States",06/30 5:00PM,Tue,811,3620,$639.20 ,$978.97 ,"$1,570.00 ",275,9373,23215,0,4,18,09/10 3:00PM,,0,23391
74,3/10/2026,1E vs 3A/B/C/D/F - World Cup - Round of 32 ,,Gillette Stadium,"68,756","Foxborough, Massachusetts, United States",06/29 4:30PM,Mon,736,3394,$555.78 ,$894.94 ,"$1,531.25 ",245,9346,22956,0,1,14,09/10 3:00PM,,0,23119
82,3/10/2026,1G vs 3A/E/H/I/J - World Cup - Round of 32 ,,Lumen Field,"67,000","Seattle, Washington, United States",07/01 1:00PM,Wed,764,3570,$408.74 ,$803.12 ,"$1,437.72 ",257,8962,22189,0,2,9,09/10 12:00PM,,0,22363
